<gpx xmlns="http://www.topografix.com/GPX/1/1" creator="Wandelzoekpagina.nl" version="1.1" xmlns:xsi="http://www.w3.org/2001/XMLSchema-instance" xsi:schemaLocation="http://www.topografix.com/GPX/1/1 http://www.topografix.com/GPX/1/1/gpx.xsd">
<metadata>
<link href='http://www.garmin.com'>
<text>Garmin International</text>
</link>
<time>2025-01-15T13:15:01Z</time>
<bounds maxlat='52.468112362548709' maxlon='4.91563081741333' minlat='52.435136362910271' minlon='4.876083405688405'/>
</metadata>

<wpt lat="52.450913954526186" lon="4.904141491279006">
<ele>1</ele>
<time>2017-07-14T10:41:56Z</time>
<name><![CDATA[1]]></name>
<cmt><![CDATA[Land]]></cmt>
<desc><![CDATA[Land]]></desc>
<sym>Number 1, Blue</sym>
<extensions>
<gpxx:WaypointExtension xmlns:gpxx='http://www.garmin.com/xmlschemas/GpxExtensions/v3'>
<gpxx:DisplayMode>SymbolOnly</gpxx:DisplayMode>
</gpxx:WaypointExtension>
</extensions>
</wpt>

<wpt lat="52.441306114196777" lon="4.9104621168226">
<ele>-3</ele>
<time>2021-11-17T16:48:54Z</time>
<name><![CDATA[2]]></name>
<cmt><![CDATA[pad]]></cmt>
<desc><![CDATA[pad]]></desc>
<sym>Number 2, Blue</sym>
<extensions>
<gpxx:WaypointExtension xmlns:gpxx='http://www.garmin.com/xmlschemas/GpxExtensions/v3'>
<gpxx:DisplayMode>SymbolOnly</gpxx:DisplayMode>
</gpxx:WaypointExtension>
</extensions>
</wpt>

<wpt lat="52.438241858035326" lon="4.901621472090483">
<ele>-2</ele>
<time>2017-07-14T09:12:25Z</time>
<name><![CDATA[3]]></name>
<cmt><![CDATA[Voetweg]]></cmt>
<desc><![CDATA[Voetweg]]></desc>
<sym>Number 3, Blue</sym>
<extensions>
<gpxx:WaypointExtension xmlns:gpxx='http://www.garmin.com/xmlschemas/GpxExtensions/v3'>
<gpxx:DisplayMode>SymbolOnly</gpxx:DisplayMode>
</gpxx:WaypointExtension>
</extensions>
</wpt>

<wpt lat="52.446708083152771" lon="4.897520542144775">
<ele>-2</ele>
<time>2017-07-14T09:37:08Z</time>
<name><![CDATA[4]]></name>
<cmt><![CDATA[Onverharde Weg en Fietspad]]></cmt>
<desc><![CDATA[Onverharde Weg en Fietspad]]></desc>
<sym>Number 4, Blue</sym>
<extensions>
<gpxx:WaypointExtension xmlns:gpxx='http://www.garmin.com/xmlschemas/GpxExtensions/v3'>
<gpxx:DisplayMode>SymbolOnly</gpxx:DisplayMode>
</gpxx:WaypointExtension>
</extensions>
</wpt>

<wpt lat="52.448280192911625" lon="4.886955572292209">
<ele>-1</ele>
<time>2017-07-14T09:37:26Z</time>
<name><![CDATA[5]]></name>
<cmt><![CDATA[Overig]]></cmt>
<desc><![CDATA[Overig]]></desc>
<sym>Number 5, Blue</sym>
<extensions>
<gpxx:WaypointExtension xmlns:gpxx='http://www.garmin.com/xmlschemas/GpxExtensions/v3'>
<gpxx:DisplayMode>SymbolOnly</gpxx:DisplayMode>
</gpxx:WaypointExtension>
</extensions>
</wpt>

<wpt lat="52.460108483210206" lon="4.877933459356427">
<ele>-1</ele>
<time>2017-07-14T09:45:59Z</time>
<name><![CDATA[6]]></name>
<cmt><![CDATA[Voetweg]]></cmt>
<desc><![CDATA[Voetweg]]></desc>
<sym>Number 6, Blue</sym>
<extensions>
<gpxx:WaypointExtension xmlns:gpxx='http://www.garmin.com/xmlschemas/GpxExtensions/v3'>
<gpxx:DisplayMode>SymbolOnly</gpxx:DisplayMode>
</gpxx:WaypointExtension>
</extensions>
</wpt>

<wpt lat="52.467577932402492" lon="4.900327222421765">
<ele>-2</ele>
<time>2017-07-14T10:03:55Z</time>
<name><![CDATA[7]]></name>
<cmt><![CDATA[Fietspad]]></cmt>
<desc><![CDATA[Fietspad]]></desc>
<sym>Number 7, Blue</sym>
<extensions>
<gpxx:WaypointExtension xmlns:gpxx='http://www.garmin.com/xmlschemas/GpxExtensions/v3'>
<gpxx:DisplayMode>SymbolOnly</gpxx:DisplayMode>
</gpxx:WaypointExtension>
</extensions>
</wpt>

<wpt lat="52.460672836750746" lon="4.89917135797441">
<time>2017-07-14T10:14:47Z</time>
<name><![CDATA[8]]></name>
<cmt><![CDATA[Voetweg]]></cmt>
<desc><![CDATA[Voetweg]]></desc>
<sym>Number 8, Blue</sym>
<extensions>
<gpxx:WaypointExtension xmlns:gpxx='http://www.garmin.com/xmlschemas/GpxExtensions/v3'>
<gpxx:DisplayMode>SymbolOnly</gpxx:DisplayMode>
</gpxx:WaypointExtension>
</extensions>
</wpt>

<wpt lat="52.441670894622803" lon="4.914107322692871">
<time>2017-07-09T20:41:23Z</time>
<name><![CDATA[Noordeinde 40]]></name>
<cmt><![CDATA[Noordeinde 40 (Bus 125)]]></cmt>
<desc><![CDATA[Noordeinde 40 (Bus 125)]]></desc>
<sym>Ground Transportation</sym>
<extensions>
<gpxx:WaypointExtension xmlns:gpxx='http://www.garmin.com/xmlschemas/GpxExtensions/v3'>
<gpxx:DisplayMode>SymbolOnly</gpxx:DisplayMode>
</gpxx:WaypointExtension>
</extensions>
</wpt>

<wpt lat="52.450381619855762" lon="4.903758270666003">
<ele>-1</ele>
<time>2017-07-17T19:50:59Z</time>
<name><![CDATA[P]]></name>
<cmt><![CDATA[Land]]></cmt>
<desc><![CDATA[Land]]></desc>
<sym>Parking Area</sym>
<extensions>
<gpxx:WaypointExtension xmlns:gpxx='http://www.garmin.com/xmlschemas/GpxExtensions/v3'>
<gpxx:DisplayMode>SymbolOnly</gpxx:DisplayMode>
</gpxx:WaypointExtension>
</extensions>
</wpt>

<wpt lat="52.44997501373291" lon="4.882907867431641">
<ele>2</ele>
<time>2025-01-15T13:14:43Z</time>
<name><![CDATA[parkeerplaats]]></name>
<cmt><![CDATA[parkeerplaats]]></cmt>
<desc><![CDATA[parkeerplaats]]></desc>
<sym>Parking Area</sym>
<extensions>
<gpxx:WaypointExtension xmlns:gpxx='http://www.garmin.com/xmlschemas/GpxExtensions/v3'>
<gpxx:DisplayMode>SymbolOnly</gpxx:DisplayMode>
</gpxx:WaypointExtension>
</extensions>
</wpt>

<wpt lat="52.450532913208008" lon="4.883315563201904">
<ele>2</ele>
<time>2017-07-09T20:40:59Z</time>
<name><![CDATA[Paviljoen Twiske]]></name>
<cmt><![CDATA[Paviljoen Twiske]]></cmt>
<desc><![CDATA[Paviljoen Twiske]]></desc>
<sym>Restaurant</sym>
<extensions>
<gpxx:WaypointExtension xmlns:gpxx='http://www.garmin.com/xmlschemas/GpxExtensions/v3'>
<gpxx:DisplayMode>SymbolOnly</gpxx:DisplayMode>
</gpxx:WaypointExtension>
</extensions>
</wpt>

<wpt lat="52.448958959430456" lon="4.886382753029466">
<ele>-2</ele>
<time>2017-07-14T08:53:44Z</time>
<name><![CDATA[Twiske Haven]]></name>
<cmt><![CDATA[Gebouw]]></cmt>
<desc><![CDATA[Gebouw]]></desc>
<sym>Restaurant</sym>
<extensions>
<gpxx:WaypointExtension xmlns:gpxx='http://www.garmin.com/xmlschemas/GpxExtensions/v3'>
<gpxx:DisplayMode>SymbolOnly</gpxx:DisplayMode>
</gpxx:WaypointExtension>
</extensions>
</wpt>

<wpt lat="52.435212135314941" lon="4.91563081741333">
<ele>-2</ele>
<time>2017-07-09T20:41:54Z</time>
<name><![CDATA[Vogelwikkestraat]]></name>
<cmt><![CDATA[Vogelwikkestraat (Bus 125,319,319)]]></cmt>
<desc><![CDATA[Vogelwikkestraat (Bus 125,319,319)]]></desc>
<sym>Ground Transportation</sym>
<extensions>
<gpxx:WaypointExtension xmlns:gpxx='http://www.garmin.com/xmlschemas/GpxExtensions/v3'>
<gpxx:DisplayMode>SymbolOnly</gpxx:DisplayMode>
</gpxx:WaypointExtension>
</extensions>
</wpt>

<trk>
<name>Het_Twiske</name>
<extensions>
<gpxx:TrackExtension xmlns:gpxx='http://www.garmin.com/xmlschemas/GpxExtensions/v3'>
<gpxx:DisplayColor>Red</gpxx:DisplayColor>
</gpxx:TrackExtension>
</extensions>
<trkseg>
<trkpt lat="52.451050160452724" lon="4.903950886800885">
<ele>-9.460000000000001</ele>
</trkpt>
<trkpt lat="52.450913954526186" lon="4.904141491279006">
<ele>-9.550000000000001</ele>
</trkpt>
<trkpt lat="52.450870871543884" lon="4.904308542609215">
<ele>-8.960000000000001</ele>
</trkpt>
<trkpt lat="52.450814545154572" lon="4.904488418251276">
<ele>-9.23</ele>
</trkpt>
<trkpt lat="52.450708681717515" lon="4.904750436544418">
<ele>-9.27</ele>
</trkpt>
<trkpt lat="52.450726367533207" lon="4.904780862852931">
<ele>-9.199999999999999</ele>
</trkpt>
<trkpt lat="52.450864752754569" lon="4.904908016324043">
<ele>-9.4</ele>
</trkpt>
<trkpt lat="52.450930634513497" lon="4.905100045725703">
<ele>-9.449999999999999</ele>
</trkpt>
<trkpt lat="52.450838601216674" lon="4.905255613848567">
<ele>-9.49</ele>
</trkpt>
<trkpt lat="52.450724523514509" lon="4.90531730465591">
<ele>-9.470000000000001</ele>
</trkpt>
<trkpt lat="52.450587982311845" lon="4.905358292162418">
<ele>-9.460000000000001</ele>
</trkpt>
<trkpt lat="52.450452446937561" lon="4.90540087223053">
<ele>-9.59</ele>
</trkpt>
<trkpt lat="52.45027500204742" lon="4.905457869172096">
<ele>-9.6</ele>
</trkpt>
<trkpt lat="52.450107950717211" lon="4.905510172247887">
<ele>-9.710000000000001</ele>
</trkpt>
<trkpt lat="52.449953807517886" lon="4.905529618263245">
<ele>-9.810000000000001</ele>
</trkpt>
<trkpt lat="52.449789438396692" lon="4.90555333904922">
<ele>-10.279999999999999</ele>
</trkpt>
<trkpt lat="52.449657423421741" lon="4.905546633526683">
<ele>-10.75</ele>
</trkpt>
<trkpt lat="52.449492048472166" lon="4.90544680505991">
<ele>-10.75</ele>
</trkpt>
<trkpt lat="52.44928015395999" lon="4.90535301156342">
<ele>-10.85</ele>
</trkpt>
<trkpt lat="52.449076306074858" lon="4.905240777879953">
<ele>-11.390000000000001</ele>
</trkpt>
<trkpt lat="52.448940183967352" lon="4.905192498117685">
<ele>-11.23</ele>
</trkpt>
<trkpt lat="52.448821999132633" lon="4.905176237225533">
<ele>-11.199999999999999</ele>
</trkpt>
<trkpt lat="52.448674477636814" lon="4.905194258317351">
<ele>-11.289999999999999</ele>
</trkpt>
<trkpt lat="52.448546653613448" lon="4.905243124812841">
<ele>-11.279999999999999</ele>
</trkpt>
<trkpt lat="52.448418494313955" lon="4.905286207795143">
<ele>-11.15</ele>
</trkpt>
<trkpt lat="52.448379602283239" lon="4.905297607183456">
<ele>-11.210000000000001</ele>
</trkpt>
<trkpt lat="52.448163516819477" lon="4.905474968254566">
<ele>-11.15</ele>
</trkpt>
<trkpt lat="52.448141723871231" lon="4.905535485595465">
<ele>-11.109999999999999</ele>
</trkpt>
<trkpt lat="52.448161421343684" lon="4.905785685405135">
<ele>-11.02</ele>
</trkpt>
<trkpt lat="52.448235685005784" lon="4.905964136123657">
<ele>-10.84</ele>
</trkpt>
<trkpt lat="52.448309613391757" lon="4.90618709474802">
<ele>-11.02</ele>
</trkpt>
<trkpt lat="52.448325036093593" lon="4.906241744756699">
<ele>-11.01</ele>
</trkpt>
<trkpt lat="52.448268458247185" lon="4.90652522072196">
<ele>-11.17</ele>
</trkpt>
<trkpt lat="52.448143735527992" lon="4.906746754422784">
<ele>-10.74</ele>
</trkpt>
<trkpt lat="52.447975426912308" lon="4.906851695850492">
<ele>-11.57</ele>
</trkpt>
<trkpt lat="52.447776105254889" lon="4.906960325315595">
<ele>-11.02</ele>
</trkpt>
<trkpt lat="52.447623303160071" lon="4.907047329470515">
<ele>-11.119999999999999</ele>
</trkpt>
<trkpt lat="52.447481481358409" lon="4.907120335847139">
<ele>-10.68</ele>
</trkpt>
<trkpt lat="52.44729389436543" lon="4.907185798510909">
<ele>-10.94</ele>
</trkpt>
<trkpt lat="52.447110330685973" lon="4.90722494199872">
<ele>-10.74</ele>
</trkpt>
<trkpt lat="52.446942944079638" lon="4.907219409942627">
<ele>-10.1</ele>
</trkpt>
<trkpt lat="52.44672853499651" lon="4.907077001407743">
<ele>-11.039999999999999</ele>
</trkpt>
<trkpt lat="52.446561567485332" lon="4.90706468001008">
<ele>-10.699999999999999</ele>
</trkpt>
<trkpt lat="52.446381021291018" lon="4.907074403017759">
<ele>-11.18</ele>
</trkpt>
<trkpt lat="52.446210868656635" lon="4.907088987529278">
<ele>-11.550000000000001</ele>
</trkpt>
<trkpt lat="52.446049600839615" lon="4.907112959772348">
<ele>-11.16</ele>
</trkpt>
<trkpt lat="52.445830246433616" lon="4.907170794904232">
<ele>-11.359999999999999</ele>
</trkpt>
<trkpt lat="52.445644168183208" lon="4.907234665006399">
<ele>-11.41</ele>
</trkpt>
<trkpt lat="52.445464627817273" lon="4.907379420474172">
<ele>-11.27</ele>
</trkpt>
<trkpt lat="52.445365888997912" lon="4.907434405758977">
<ele>-11.15</ele>
</trkpt>
<trkpt lat="52.445244351401925" lon="4.907539682462812">
<ele>-10.949999999999999</ele>
</trkpt>
<trkpt lat="52.445171177387238" lon="4.907581591978669">
<ele>-10.869999999999999</ele>
</trkpt>
<trkpt lat="52.445107391104102" lon="4.907651748508215">
<ele>-11.1</ele>
</trkpt>
<trkpt lat="52.445102781057358" lon="4.90765149705112">
<ele>-11.119999999999999</ele>
</trkpt>
<trkpt lat="52.444998845458031" lon="4.907674128189683">
<ele>-10.779999999999999</ele>
</trkpt>
<trkpt lat="52.44480237364769" lon="4.907676558941603">
<ele>-10.779999999999999</ele>
</trkpt>
<trkpt lat="52.444630041718483" lon="4.907561056315899">
<ele>-10.68</ele>
</trkpt>
<trkpt lat="52.444501547142863" lon="4.907326782122254">
<ele>-11.029999999999999</ele>
</trkpt>
<trkpt lat="52.444375399500132" lon="4.907094771042466">
<ele>-10.51</ele>
</trkpt>
<trkpt lat="52.44428738951683" lon="4.906996199861169">
<ele>-10.74</ele>
</trkpt>
<trkpt lat="52.444263249635696" lon="4.906979687511921">
<ele>-10.77</ele>
</trkpt>
<trkpt lat="52.444241372868419" lon="4.906953368335962">
<ele>-10.869999999999999</ele>
</trkpt>
<trkpt lat="52.444185968488455" lon="4.906894359737635">
<ele>-10.890000000000001</ele>
</trkpt>
<trkpt lat="52.444007014855742" lon="4.906839709728956">
<ele>-10.539999999999999</ele>
</trkpt>
<trkpt lat="52.443806938827038" lon="4.906808277592063">
<ele>-10.98</ele>
</trkpt>
<trkpt lat="52.443610383197665" lon="4.906784389168024">
<ele>-11.140000000000001</ele>
</trkpt>
<trkpt lat="52.443548943847418" lon="4.906786987558007">
<ele>-10.960000000000001</ele>
</trkpt>
<trkpt lat="52.443541064858437" lon="4.906764775514603">
<ele>-10.859999999999999</ele>
</trkpt>
<trkpt lat="52.443501334637403" lon="4.906764104962349">
<ele>-10.640000000000001</ele>
</trkpt>
<trkpt lat="52.44347183033824" lon="4.906817749142647">
<ele>-10.32</ele>
</trkpt>
<trkpt lat="52.443414749577641" lon="4.907120335847139">
<ele>-10.31</ele>
</trkpt>
<trkpt lat="52.443329505622387" lon="4.907396519556642">
<ele>-10.369999999999999</ele>
</trkpt>
<trkpt lat="52.443269658833742" lon="4.907598942518234">
<ele>-10.35</ele>
</trkpt>
<trkpt lat="52.443198915570974" lon="4.907959783449769">
<ele>-10.23</ele>
</trkpt>
<trkpt lat="52.443139487877488" lon="4.90832238458097">
<ele>-10.029999999999999</ele>
</trkpt>
<trkpt lat="52.443112917244434" lon="4.908640058711171">
<ele>-10.32</ele>
</trkpt>
<trkpt lat="52.44310537353158" lon="4.908763775601983">
<ele>-10.369999999999999</ele>
</trkpt>
<trkpt lat="52.442942932248116" lon="4.908796716481447">
<ele>-10.31</ele>
</trkpt>
<trkpt lat="52.442813348025084" lon="4.908798225224018">
<ele>-10.34</ele>
</trkpt>
<trkpt lat="52.442658198997378" lon="4.908768301829696">
<ele>-10.449999999999999</ele>
</trkpt>
<trkpt lat="52.44261821731925" lon="4.908753214403987">
<ele>-10.449999999999999</ele>
</trkpt>
<trkpt lat="52.442579912021756" lon="4.908746676519513">
<ele>-10.4</ele>
</trkpt>
<trkpt lat="52.442435156553984" lon="4.908712562173605">
<ele>-10.48</ele>
</trkpt>
<trkpt lat="52.442275732755661" lon="4.908826891332865">
<ele>-10.25</ele>
</trkpt>
<trkpt lat="52.442146819084883" lon="4.909009113907814">
<ele>-10.109999999999999</ele>
</trkpt>
<trkpt lat="52.442065179347992" lon="4.909220673143864">
<ele>-10.31</ele>
</trkpt>
<trkpt lat="52.441974319517612" lon="4.909432735294104">
<ele>-10.390000000000001</ele>
</trkpt>
<trkpt lat="52.441895864903927" lon="4.909653263166547">
<ele>-10.24</ele>
</trkpt>
<trkpt lat="52.44182026013732" lon="4.909795839339495">
<ele>-10.26</ele>
</trkpt>
<trkpt lat="52.441701740026474" lon="4.909871192649007">
<ele>-9.890000000000001</ele>
</trkpt>
<trkpt lat="52.441532425582409" lon="4.909911090508103">
<ele>-9.859999999999999</ele>
</trkpt>
<trkpt lat="52.441473668441176" lon="4.909892566502094">
<ele>-9.970000000000001</ele>
</trkpt>
<trkpt lat="52.441450702026486" lon="4.909888040274382">
<ele>-9.970000000000001</ele>
</trkpt>
<trkpt lat="52.44141474366188" lon="4.909908575937152">
<ele>-9.970000000000001</ele>
</trkpt>
<trkpt lat="52.441351879388094" lon="4.910058444365859">
<ele>-9.970000000000001</ele>
</trkpt>
<trkpt lat="52.441305192187428" lon="4.910170091316104">
<ele>-9.970000000000001</ele>
</trkpt>
<trkpt lat="52.441309802234173" lon="4.910464631393552">
<ele>-2.94140625</ele>
</trkpt>
<trkpt lat="52.441202010959387" lon="4.910486675798893">
<ele>-3.04296875</ele>
</trkpt>
<trkpt lat="52.440991792827845" lon="4.910517521202564">
<ele>-3.26171875</ele>
</trkpt>
<trkpt lat="52.440816611051559" lon="4.910552725195885">
<ele>-3.4296875</ele>
</trkpt>
<trkpt lat="52.440778892487288" lon="4.910561610013247">
<ele>-3.4609375</ele>
</trkpt>
<trkpt lat="52.440765397623181" lon="4.910574769601226">
<ele>-3.46484375</ele>
</trkpt>
<trkpt lat="52.440735725685954" lon="4.910601256415248">
<ele>-3.46875</ele>
</trkpt>
<trkpt lat="52.44072231464088" lon="4.910610057413578">
<ele>-3.47265625</ele>
</trkpt>
<trkpt lat="52.44066028855741" lon="4.9106365442276">
<ele>-3.515625</ele>
</trkpt>
<trkpt lat="52.440649475902319" lon="4.9106365442276">
<ele>-3.52734375</ele>
</trkpt>
<trkpt lat="52.440555179491639" lon="4.910623300820589">
<ele>-3.65625</ele>
</trkpt>
<trkpt lat="52.440361138433218" lon="4.9106365442276">
<ele>-3.50390625</ele>
</trkpt>
<trkpt lat="52.440358456224203" lon="4.9106365442276">
<ele>-3.50390625</ele>
</trkpt>
<trkpt lat="52.440102472901344" lon="4.91065850481391">
<ele>-3.29296875</ele>
</trkpt>
<trkpt lat="52.439956879243255" lon="4.910667389631271">
<ele>-3.1796875</ele>
</trkpt>
<trkpt lat="52.439851770177484" lon="4.910676190629602">
<ele>-3.1015625</ele>
</trkpt>
<trkpt lat="52.439849087968469" lon="4.910676190629602">
<ele>-3.1015625</ele>
</trkpt>
<trkpt lat="52.439668541774154" lon="4.910702593624592">
<ele>-2.98046875</ele>
</trkpt>
<trkpt lat="52.439655046910048" lon="4.910698235034943">
<ele>-2.97265625</ele>
</trkpt>
<trkpt lat="52.439649682492018" lon="4.910698235034943">
<ele>-2.96875</ele>
</trkpt>
<trkpt lat="52.439469136297703" lon="4.910702593624592">
<ele>-2.875</ele>
</trkpt>
<trkpt lat="52.439452959224582" lon="4.910702593624592">
<ele>-2.8671875</ele>
</trkpt>
<trkpt lat="52.43944214656949" lon="4.910702593624592">
<ele>-2.86328125</ele>
</trkpt>
<trkpt lat="52.439358662813902" lon="4.910702593624592">
<ele>-2.81640625</ele>
</trkpt>
<trkpt lat="52.439342485740781" lon="4.910702593624592">
<ele>-2.80859375</ele>
</trkpt>
<trkpt lat="52.43932630866766" lon="4.910702593624592">
<ele>-2.80078125</ele>
</trkpt>
<trkpt lat="52.439320860430598" lon="4.910702593624592">
<ele>-2.796875</ele>
</trkpt>
<trkpt lat="52.439202340319753" lon="4.910698235034943">
<ele>-2.73828125</ele>
</trkpt>
<trkpt lat="52.439186163246632" lon="4.910698235034943">
<ele>-2.73046875</ele>
</trkpt>
<trkpt lat="52.439110726118088" lon="4.910689434036613">
<ele>-2.69921875</ele>
</trkpt>
<trkpt lat="52.439097231253982" lon="4.910684991627932">
<ele>-2.69921875</ele>
</trkpt>
<trkpt lat="52.439094549044967" lon="4.910684991627932">
<ele>-2.6953125</ele>
</trkpt>
<trkpt lat="52.439029840752482" lon="4.910671748220921">
<ele>-2.67578125</ele>
</trkpt>
<trkpt lat="52.439016345888376" lon="4.910667389631271">
<ele>-2.67578125</ele>
</trkpt>
<trkpt lat="52.438501613214612" lon="4.91065414622426">
<ele>-1.88671875</ele>
</trkpt>
<trkpt lat="52.438498931005597" lon="4.91065850481391">
<ele>-1.87890625</ele>
</trkpt>
<trkpt lat="52.438331879675388" lon="4.910640902817249">
<ele>-1.55859375</ele>
</trkpt>
<trkpt lat="52.437744308263063" lon="4.910618858411908">
<ele>-0.1484375</ele>
</trkpt>
<trkpt lat="52.437536856159568" lon="4.910588013008237">
<ele>0.484375</ele>
</trkpt>
<trkpt lat="52.437520679086447" lon="4.910583654418588">
<ele>0.53515625</ele>
</trkpt>
<trkpt lat="52.437515230849385" lon="4.910579212009907">
<ele>0.55859375</ele>
</trkpt>
<trkpt lat="52.437388580292463" lon="4.910565968602896">
<ele>0.953125</ele>
</trkpt>
<trkpt lat="52.437380533665419" lon="4.910561610013247">
<ele>0.98828125</ele>
</trkpt>
<trkpt lat="52.436922378838062" lon="4.910574769601226">
<ele>0.9296875</ele>
</trkpt>
<trkpt lat="52.436917014420033" lon="4.910574769601226">
<ele>0.921875</ele>
</trkpt>
<trkpt lat="52.436510073021054" lon="4.910499835386872">
<ele>0.24609375</ele>
</trkpt>
<trkpt lat="52.436264818534255" lon="4.910292718559504">
<ele>-0.32421875</ele>
</trkpt>
<trkpt lat="52.436049235984683" lon="4.910094402730465">
<ele>-0.73828125</ele>
</trkpt>
<trkpt lat="52.4358497466892" lon="4.909737333655357">
<ele>-0.9453125</ele>
</trkpt>
<trkpt lat="52.435666518285871" lon="4.909058567136526">
<ele>-1.375</ele>
</trkpt>
<trkpt lat="52.435607258230448" lon="4.908551713451743">
<ele>-1.6796875</ele>
</trkpt>
<trkpt lat="52.435607258230448" lon="4.908542828634381">
<ele>-1.6796875</ele>
</trkpt>
<trkpt lat="52.435496784746647" lon="4.907806813716888">
<ele>-2.109375</ele>
</trkpt>
<trkpt lat="52.435432076454163" lon="4.907379252836108">
<ele>-2.625</ele>
</trkpt>
<trkpt lat="52.435458982363343" lon="4.907317562028766">
<ele>-2.67578125</ele>
</trkpt>
<trkpt lat="52.435464430600405" lon="4.907317562028766">
<ele>-2.671875</ele>
</trkpt>
<trkpt lat="52.435682695358992" lon="4.90718093700707">
<ele>-2.29296875</ele>
</trkpt>
<trkpt lat="52.435688059777021" lon="4.907176494598389">
<ele>-2.27734375</ele>
</trkpt>
<trkpt lat="52.435860559344292" lon="4.907039869576693">
<ele>-1.83984375</ele>
</trkpt>
<trkpt lat="52.435865923762321" lon="4.907035510987043">
<ele>-1.828125</ele>
</trkpt>
<trkpt lat="52.436111178249121" lon="4.906810708343983">
<ele>-1.30859375</ele>
</trkpt>
<trkpt lat="52.436324078589678" lon="4.906590264290571">
<ele>-1.15625</ele>
</trkpt>
<trkpt lat="52.436337573453784" lon="4.906577104702592">
<ele>-1.15234375</ele>
</trkpt>
<trkpt lat="52.436342937871814" lon="4.90656821988523">
<ele>-1.16015625</ele>
</trkpt>
<trkpt lat="52.436512755230069" lon="4.906413992866874">
<ele>-1.28125</ele>
</trkpt>
<trkpt lat="52.436526250094175" lon="4.906400749459863">
<ele>-1.296875</ele>
</trkpt>
<trkpt lat="52.436536978930235" lon="4.906391948461533">
<ele>-1.3046875</ele>
</trkpt>
<trkpt lat="52.436639405786991" lon="4.906272925436497">
<ele>-1.46875</ele>
</trkpt>
<trkpt lat="52.436642087996006" lon="4.906272925436497">
<ele>-1.46484375</ele>
</trkpt>
<trkpt lat="52.436736384406686" lon="4.906154070049524">
<ele>-1.59765625</ele>
</trkpt>
<trkpt lat="52.436736384406686" lon="4.906149711459875">
<ele>-1.6015625</ele>
</trkpt>
<trkpt lat="52.436825316399336" lon="4.905999843031168">
<ele>-1.57421875</ele>
</trkpt>
<trkpt lat="52.436828082427382" lon="4.905995400622487">
<ele>-1.57421875</ele>
</trkpt>
<trkpt lat="52.43689002469182" lon="4.905885262414813">
<ele>-1.53515625</ele>
</trkpt>
<trkpt lat="52.436892706900835" lon="4.905880820006132">
<ele>-1.53125</ele>
</trkpt>
<trkpt lat="52.436933107674122" lon="4.905797084793448">
<ele>-1.5</ele>
</trkpt>
<trkpt lat="52.436784915626049" lon="4.905365081503987">
<ele>-2.02734375</ele>
</trkpt>
<trkpt lat="52.43671752512455" lon="4.905056543648243">
<ele>-2.48046875</ele>
</trkpt>
<trkpt lat="52.436650218442082" lon="4.904853869229555">
<ele>-2.7421875</ele>
</trkpt>
<trkpt lat="52.436642087996006" lon="4.904844984412193">
<ele>-2.7578125</ele>
</trkpt>
<trkpt lat="52.436590874567628" lon="4.904690757393837">
<ele>-2.8984375</ele>
</trkpt>
<trkpt lat="52.436561370268464" lon="4.904629066586494">
<ele>-4.95</ele>
</trkpt>
<trkpt lat="52.436550306156278" lon="4.904600568115711">
<ele>-4.97</ele>
</trkpt>
<trkpt lat="52.436494566500187" lon="4.90442312322557">
<ele>-4.94</ele>
</trkpt>
<trkpt lat="52.436492471024394" lon="4.904403928667307">
<ele>-4.93</ele>
</trkpt>
<trkpt lat="52.436487777158618" lon="4.904282810166478">
<ele>-4.9</ele>
</trkpt>
<trkpt lat="52.436481490731239" lon="4.904255485162139">
<ele>-4.89</ele>
</trkpt>
<trkpt lat="52.436470342800021" lon="4.904160518199205">
<ele>-4.86</ele>
</trkpt>
<trkpt lat="52.436463972553611" lon="4.904137635603547">
<ele>-4.85</ele>
</trkpt>
<trkpt lat="52.43639063090086" lon="4.903919454663992">
<ele>-5.06</ele>
</trkpt>
<trkpt lat="52.436286527663469" lon="4.903765562921763">
<ele>-4.79</ele>
</trkpt>
<trkpt lat="52.436162224039435" lon="4.903599098324776">
<ele>-4.73</ele>
</trkpt>
<trkpt lat="52.436072453856468" lon="4.903515530750155">
<ele>-4.87</ele>
</trkpt>
<trkpt lat="52.435946222394705" lon="4.903457276523113">
<ele>-4.89</ele>
</trkpt>
<trkpt lat="52.435850836336613" lon="4.903370523825288">
<ele>-4.92</ele>
</trkpt>
<trkpt lat="52.435765508562326" lon="4.903220487758517">
<ele>-4.69</ele>
</trkpt>
<trkpt lat="52.435708763077855" lon="4.902924941852689">
<ele>-4.5</ele>
</trkpt>
<trkpt lat="52.435700548812747" lon="4.902658481150866">
<ele>-4.38</ele>
</trkpt>
<trkpt lat="52.435764335095882" lon="4.902430661022663">
<ele>-4.09</ele>
</trkpt>
<trkpt lat="52.435795934870839" lon="4.902192866429687">
<ele>-4.12</ele>
</trkpt>
<trkpt lat="52.43571144528687" lon="4.902016343548894">
<ele>-4.66</ele>
</trkpt>
<trkpt lat="52.435551602393389" lon="4.901955323293805">
<ele>-4.46</ele>
</trkpt>
<trkpt lat="52.43539871647954" lon="4.901960268616676">
<ele>-4.34</ele>
</trkpt>
<trkpt lat="52.435254463925958" lon="4.901948114857078">
<ele>-4.16</ele>
</trkpt>
<trkpt lat="52.43514901958406" lon="4.901752816513181">
<ele>-4.03</ele>
</trkpt>
<trkpt lat="52.435150276869535" lon="4.901439333334565">
<ele>-4.1</ele>
</trkpt>
<trkpt lat="52.435143236070871" lon="4.901115037500858">
<ele>-4.45</ele>
</trkpt>
<trkpt lat="52.435136362910271" lon="4.901017053052783">
<ele>-4.42</ele>
</trkpt>
<trkpt lat="52.435144493356347" lon="4.900972628965974">
<ele>-4.17</ele>
</trkpt>
<trkpt lat="52.435156814754009" lon="4.900942202657461">
<ele>-4.15</ele>
</trkpt>
<trkpt lat="52.435165783390403" lon="4.900925857946277">
<ele>-4.14</ele>
</trkpt>
<trkpt lat="52.43517491966486" lon="4.900911524891853">
<ele>-4.11</ele>
</trkpt>
<trkpt lat="52.435285560786724" lon="4.900771966204047">
<ele>-4.29</ele>
</trkpt>
<trkpt lat="52.43540408089757" lon="4.900570213794708">
<ele>-4.68</ele>
</trkpt>
<trkpt lat="52.435546824708581" lon="4.900356307625771">
<ele>-4.5</ele>
</trkpt>
<trkpt lat="52.43557607755065" lon="4.900196464732289">
<ele>-4.6</ele>
</trkpt>
<trkpt lat="52.435588566586375" lon="4.900166625156999">
<ele>-5</ele>
</trkpt>
<trkpt lat="52.435605330392718" lon="4.900099150836468">
<ele>-5.08</ele>
</trkpt>
<trkpt lat="52.43562494404614" lon="4.900042237713933">
<ele>-5.07</ele>
</trkpt>
<trkpt lat="52.435707589611411" lon="4.899890525266528">
<ele>-4.91</ele>
</trkpt>
<trkpt lat="52.435758216306567" lon="4.899860601872206">
<ele>-4.77</ele>
</trkpt>
<trkpt lat="52.435919819399714" lon="4.899940229952335">
<ele>-4.69</ele>
</trkpt>
<trkpt lat="52.43606373667717" lon="4.90009973756969">
<ele>-4.99</ele>
</trkpt>
<trkpt lat="52.436151662841439" lon="4.900290174409747">
<ele>-4.73</ele>
</trkpt>
<trkpt lat="52.436157194897532" lon="4.900306602939963">
<ele>-4.73</ele>
</trkpt>
<trkpt lat="52.436311924830079" lon="4.900362677872181">
<ele>-4.76</ele>
</trkpt>
<trkpt lat="52.43642776273191" lon="4.90024340339005">
<ele>-4.56</ele>
</trkpt>
<trkpt lat="52.436489285901189" lon="4.900220101699233">
<ele>-4.37</ele>
</trkpt>
<trkpt lat="52.436684165149927" lon="4.900222700089216">
<ele>-4.32</ele>
</trkpt>
<trkpt lat="52.436853060498834" lon="4.900127481669188">
<ele>-4.7</ele>
</trkpt>
<trkpt lat="52.437079455703497" lon="4.900106694549322">
<ele>-4.85</ele>
</trkpt>
<trkpt lat="52.437256313860416" lon="4.900233764201403">
<ele>-4.91</ele>
</trkpt>
<trkpt lat="52.437397548928857" lon="4.900282714515925">
<ele>-4.77</ele>
</trkpt>
<trkpt lat="52.43756091222167" lon="4.900346584618092">
<ele>-4.66</ele>
</trkpt>
<trkpt lat="52.437676247209311" lon="4.90047893486917">
<ele>-4.91</ele>
</trkpt>
<trkpt lat="52.437763419002295" lon="4.900653110817075">
<ele>-4.88</ele>
</trkpt>
<trkpt lat="52.437793677672744" lon="4.900764003396034">
<ele>-4.87</ele>
</trkpt>
<trkpt lat="52.437847657129169" lon="4.900824688374996">
<ele>-5.03</ele>
</trkpt>
<trkpt lat="52.437897613272071" lon="4.90097489207983">
<ele>-5.08</ele>
</trkpt>
<trkpt lat="52.437966512516141" lon="4.901122748851776">
<ele>-5.13</ele>
</trkpt>
<trkpt lat="52.43799920193851" lon="4.901228360831738">
<ele>-5.14</ele>
</trkpt>
<trkpt lat="52.43810229934752" lon="4.901471603661776">
<ele>-5.1</ele>
</trkpt>
<trkpt lat="52.438245378434658" lon="4.901608983054757">
<ele>-5.05</ele>
</trkpt>
<trkpt lat="52.438257280737162" lon="4.901453498750925">
<ele>-1.71</ele>
</trkpt>
<trkpt lat="52.43833146058023" lon="4.901381079107523">
<ele>7.8</ele>
</trkpt>
<trkpt lat="52.438340932130814" lon="4.901240430772305">
<ele>7.82</ele>
</trkpt>
<trkpt lat="52.438399270176888" lon="4.900957457721233">
<ele>6.83</ele>
</trkpt>
<trkpt lat="52.438425924628973" lon="4.900828041136265">
<ele>6.92</ele>
</trkpt>
<trkpt lat="52.438475294038653" lon="4.900791496038437">
<ele>6.99</ele>
</trkpt>
<trkpt lat="52.438617367297411" lon="4.900788478553295">
<ele>6.83</ele>
</trkpt>
<trkpt lat="52.438723649829626" lon="4.900705749168992">
<ele>6.93</ele>
</trkpt>
<trkpt lat="52.438788609579206" lon="4.900486227124929">
<ele>6.66</ele>
</trkpt>
<trkpt lat="52.438795985653996" lon="4.900443647056818">
<ele>6.62</ele>
</trkpt>
<trkpt lat="52.4388044513762" lon="4.900312637910247">
<ele>6.64</ele>
</trkpt>
<trkpt lat="52.438829177990556" lon="4.900089344009757">
<ele>6.52</ele>
</trkpt>
<trkpt lat="52.438930850476027" lon="4.900064365938306">
<ele>6.36</ele>
</trkpt>
<trkpt lat="52.439093375578523" lon="4.900103509426117">
<ele>6.05</ele>
</trkpt>
<trkpt lat="52.439249698072672" lon="4.900168804451823">
<ele>7.03</ele>
</trkpt>
<trkpt lat="52.439276268705726" lon="4.900198727846146">
<ele>7.11</ele>
</trkpt>
<trkpt lat="52.439355729147792" lon="4.900246420875192">
<ele>6.46</ele>
</trkpt>
<trkpt lat="52.43938154540956" lon="4.90020040422678">
<ele>6.34</ele>
</trkpt>
<trkpt lat="52.439384311437607" lon="4.899922627955675">
<ele>6.21</ele>
</trkpt>
<trkpt lat="52.439419599249959" lon="4.899620376527309">
<ele>6.22</ele>
</trkpt>
<trkpt lat="52.439435524865985" lon="4.899479476734996">
<ele>6.28</ele>
</trkpt>
<trkpt lat="52.439443655312061" lon="4.899333547800779">
<ele>6.36</ele>
</trkpt>
<trkpt lat="52.439453294500709" lon="4.899167586117983">
<ele>6.34</ele>
</trkpt>
<trkpt lat="52.439485313370824" lon="4.899024590849876">
<ele>6.62</ele>
</trkpt>
<trkpt lat="52.439537616446614" lon="4.898806996643543">
<ele>6.78</ele>
</trkpt>
<trkpt lat="52.43958136998117" lon="4.898713538423181">
<ele>6.84</ele>
</trkpt>
<trkpt lat="52.439626632258296" lon="4.898670539259911">
<ele>6.94</ele>
</trkpt>
<trkpt lat="52.439798964187503" lon="4.898659978061914">
<ele>6.84</ele>
</trkpt>
<trkpt lat="52.439814805984497" lon="4.898663330823183">
<ele>6.83</ele>
</trkpt>
<trkpt lat="52.439840286970139" lon="4.898682776838541">
<ele>6.82</ele>
</trkpt>
<trkpt lat="52.439986551180482" lon="4.898796183988452">
<ele>6.6</ele>
</trkpt>
<trkpt lat="52.440145388245583" lon="4.898932809010148">
<ele>6.64</ele>
</trkpt>
<trkpt lat="52.440181514248252" lon="4.898935742676258">
<ele>6.6</ele>
</trkpt>
<trkpt lat="52.440286539494991" lon="4.898740109056234">
<ele>6.27</ele>
</trkpt>
<trkpt lat="52.440288215875626" lon="4.898494184017181">
<ele>6.08</ele>
</trkpt>
<trkpt lat="52.440275810658932" lon="4.898218754678965">
<ele>5.84</ele>
</trkpt>
<trkpt lat="52.440285282209516" lon="4.897915413603187">
<ele>5.8</ele>
</trkpt>
<trkpt lat="52.440324341878295" lon="4.897665800526738">
<ele>5.49</ele>
</trkpt>
<trkpt lat="52.440389385446906" lon="4.897463880479336">
<ele>5.44</ele>
</trkpt>
<trkpt lat="52.440494997426867" lon="4.897281154990196">
<ele>5.27</ele>
</trkpt>
<trkpt lat="52.440577978268266" lon="4.897138746455312">
<ele>4.94</ele>
</trkpt>
<trkpt lat="52.440679734572768" lon="4.897070517763495">
<ele>5.09</ele>
</trkpt>
<trkpt lat="52.440759195014834" lon="4.89701796323061">
<ele>4.99</ele>
</trkpt>
<trkpt lat="52.440888108685613" lon="4.896983681246638">
<ele>5.11</ele>
</trkpt>
<trkpt lat="52.441016519442201" lon="4.896933138370514">
<ele>4.99</ele>
</trkpt>
<trkpt lat="52.441145768389106" lon="4.896913524717093">
<ele>4.81</ele>
</trkpt>
<trkpt lat="52.441246518865228" lon="4.897032463923097">
<ele>4.65</ele>
</trkpt>
<trkpt lat="52.441328829154372" lon="4.897278137505055">
<ele>4.77</ele>
</trkpt>
<trkpt lat="52.441413821652532" lon="4.897493803873658">
<ele>5.12</ele>
</trkpt>
<trkpt lat="52.441432261839509" lon="4.897552644833922">
<ele>5</ele>
</trkpt>
<trkpt lat="52.441427735611796" lon="4.897622801363468">
<ele>5</ele>
</trkpt>
<trkpt lat="52.441392028704286" lon="4.897777866572142">
<ele>4.61</ele>
</trkpt>
<trkpt lat="52.441399907693267" lon="4.897855734452605">
<ele>4.52</ele>
</trkpt>
<trkpt lat="52.441382389515638" lon="4.898008704185486">
<ele>4.19</ele>
</trkpt>
<trkpt lat="52.441392112523317" lon="4.898109119385481">
<ele>4.1</ele>
</trkpt>
<trkpt lat="52.441413318738341" lon="4.89835630171001">
<ele>3.93</ele>
</trkpt>
<trkpt lat="52.441413905471563" lon="4.898610860109329">
<ele>4.12</ele>
</trkpt>
<trkpt lat="52.441436871886253" lon="4.898806493729353">
<ele>3.95</ele>
</trkpt>
<trkpt lat="52.441435614600778" lon="4.898950159549713">
<ele>3.82</ele>
</trkpt>
<trkpt lat="52.441440979018807" lon="4.899022746831179">
<ele>3.82</ele>
</trkpt>
<trkpt lat="52.441450282931328" lon="4.899250231683254">
<ele>3.87</ele>
</trkpt>
<trkpt lat="52.441492779180408" lon="4.899482745677233">
<ele>3.78</ele>
</trkpt>
<trkpt lat="52.441563438624144" lon="4.89975088275969">
<ele>3.95</ele>
</trkpt>
<trkpt lat="52.441635271534324" lon="4.899992616847158">
<ele>3.75</ele>
</trkpt>
<trkpt lat="52.4416727386415" lon="4.900201829150319">
<ele>3.78</ele>
</trkpt>
<trkpt lat="52.441715905442834" lon="4.900381956249476">
<ele>3.33</ele>
</trkpt>
<trkpt lat="52.441721940413117" lon="4.900489076972008">
<ele>3.33</ele>
</trkpt>
<trkpt lat="52.441721940413117" lon="4.900481700897217">
<ele>3.33</ele>
</trkpt>
<trkpt lat="52.441771309822798" lon="4.900746149942279">
<ele>3.33</ele>
</trkpt>
<trkpt lat="52.441780362278223" lon="4.901098776608706">
<ele>3.33</ele>
</trkpt>
<trkpt lat="52.441900474950671" lon="4.901127694174647">
<ele>2.64</ele>
</trkpt>
<trkpt lat="52.441961914300919" lon="4.901151917874813">
<ele>2.58</ele>
</trkpt>
<trkpt lat="52.442034669220448" lon="4.901166502386332">
<ele>2.66</ele>
</trkpt>
<trkpt lat="52.442044224590063" lon="4.901178991422057">
<ele>2.85</ele>
</trkpt>
<trkpt lat="52.442055121064186" lon="4.901213860139251">
<ele>2.88</ele>
</trkpt>
<trkpt lat="52.44215696118772" lon="4.90136431530118">
<ele>2.94</ele>
</trkpt>
<trkpt lat="52.442242121323943" lon="4.901193408295512">
<ele>2.83</ele>
</trkpt>
<trkpt lat="52.442311523482203" lon="4.900992996990681">
<ele>2.86</ele>
</trkpt>
<trkpt lat="52.442325269803405" lon="4.900962319225073">
<ele>2.84</ele>
</trkpt>
<trkpt lat="52.44234018959105" lon="4.900866178795695">
<ele>2.84</ele>
</trkpt>
<trkpt lat="52.442412693053484" lon="4.900717651471496">
<ele>2.93</ele>
</trkpt>
<trkpt lat="52.442451249808073" lon="4.900738522410393">
<ele>2.86</ele>
</trkpt>
<trkpt lat="52.44251704774797" lon="4.900786131620407">
<ele>2.68</ele>
</trkpt>
<trkpt lat="52.442671107128263" lon="4.900852432474494">
<ele>2.86</ele>
</trkpt>
<trkpt lat="52.442831285297871" lon="4.900913871824741">
<ele>2.93</ele>
</trkpt>
<trkpt lat="52.442926252260804" lon="4.900786969810724">
<ele>2.8</ele>
</trkpt>
<trkpt lat="52.442970173433423" lon="4.900474911555648">
<ele>2.71</ele>
</trkpt>
<trkpt lat="52.443008478730917" lon="4.900107616558671">
<ele>2.64</ele>
</trkpt>
<trkpt lat="52.443029936403036" lon="4.899755660444498">
<ele>2.52</ele>
</trkpt>
<trkpt lat="52.443019710481167" lon="4.899487523362041">
<ele>2.31</ele>
</trkpt>
<trkpt lat="52.443010658025742" lon="4.899334302172065">
<ele>2.1</ele>
</trkpt>
<trkpt lat="52.443047035485506" lon="4.899076139554381">
<ele>2.09</ele>
</trkpt>
<trkpt lat="52.443096321076155" lon="4.89883909933269">
<ele>2.11</ele>
</trkpt>
<trkpt lat="52.443140158429742" lon="4.898486891761422">
<ele>2.07</ele>
</trkpt>
<trkpt lat="52.443147031590343" lon="4.898462919518352">
<ele>2.03</ele>
</trkpt>
<trkpt lat="52.443156419321895" lon="4.898408856242895">
<ele>2.03</ele>
</trkpt>
<trkpt lat="52.443214170634747" lon="4.898320594802499">
<ele>1.95</ele>
</trkpt>
<trkpt lat="52.443235125392675" lon="4.898365773260593">
<ele>1.59</ele>
</trkpt>
<trkpt lat="52.443268820643425" lon="4.898338112980127">
<ele>1.53</ele>
</trkpt>
<trkpt lat="52.443349119275808" lon="4.898359319195151">
<ele>1.21</ele>
</trkpt>
<trkpt lat="52.443390777334571" lon="4.898383459076285">
<ele>1.48</ele>
</trkpt>
<trkpt lat="52.443428998813033" lon="4.898387314751744">
<ele>1.53</ele>
</trkpt>
<trkpt lat="52.443529665470123" lon="4.898392176255584">
<ele>1.16</ele>
</trkpt>
<trkpt lat="52.443591691553593" lon="4.898403491824865">
<ele>1.23</ele>
</trkpt>
<trkpt lat="52.443613233044744" lon="4.89841639995575">
<ele>1.25</ele>
</trkpt>
<trkpt lat="52.443773997947574" lon="4.898441629484296">
<ele>1.4</ele>
</trkpt>
<trkpt lat="52.443917747586966" lon="4.898444311693311">
<ele>1.5</ele>
</trkpt>
<trkpt lat="52.443917915225029" lon="4.898445988073945">
<ele>1.61</ele>
</trkpt>
<trkpt lat="52.444006260484457" lon="4.898443641141057">
<ele>1.59</ele>
</trkpt>
<trkpt lat="52.444128803908825" lon="4.898433079943061">
<ele>1.49</ele>
</trkpt>
<trkpt lat="52.444166354835033" lon="4.898431822657585">
<ele>1.88</ele>
</trkpt>
<trkpt lat="52.444246485829353" lon="4.898450933396816">
<ele>2.26</ele>
</trkpt>
<trkpt lat="52.444273727014661" lon="4.898432241752744">
<ele>2.15</ele>
</trkpt>
<trkpt lat="52.444310942664742" lon="4.898434756323695">
<ele>1.56</ele>
</trkpt>
<trkpt lat="52.444337345659733" lon="4.898434253409505">
<ele>1.34</ele>
</trkpt>
<trkpt lat="52.444511521607637" lon="4.898470547050238">
<ele>0.58</ele>
</trkpt>
<trkpt lat="52.444708999246359" lon="4.89851756952703">
<ele>0.55</ele>
</trkpt>
<trkpt lat="52.444718303158879" lon="4.898517401888967">
<ele>0.47</ele>
</trkpt>
<trkpt lat="52.444853000342846" lon="4.898595940321684">
<ele>0.44</ele>
</trkpt>
<trkpt lat="52.44493531063199" lon="4.89880632609129">
<ele>0.53</ele>
</trkpt>
<trkpt lat="52.444962216541171" lon="4.898903975263238">
<ele>0.59</ele>
</trkpt>
<trkpt lat="52.444998929277062" lon="4.899038085713983">
<ele>0.52</ele>
</trkpt>
<trkpt lat="52.445057099685073" lon="4.899199604988098">
<ele>0.37</ele>
</trkpt>
<trkpt lat="52.445124741643667" lon="4.899342013522983">
<ele>0.12</ele>
</trkpt>
<trkpt lat="52.445246698334813" lon="4.89945818670094">
<ele>0.29</ele>
</trkpt>
<trkpt lat="52.445336719974875" lon="4.899512585252523">
<ele>0.23</ele>
</trkpt>
<trkpt lat="52.445428753271699" lon="4.899543598294258">
<ele>0.55</ele>
</trkpt>
<trkpt lat="52.445481978356838" lon="4.899555500596762">
<ele>0.66</ele>
</trkpt>
<trkpt lat="52.445578118786216" lon="4.899579389020801">
<ele>0.21</ele>
</trkpt>
<trkpt lat="52.445649281144142" lon="4.899610988795757">
<ele>0.55</ele>
</trkpt>
<trkpt lat="52.445700662210584" lon="4.899649294093251">
<ele>0.41</ele>
</trkpt>
<trkpt lat="52.445763442665339" lon="4.899713164195418">
<ele>0.27</ele>
</trkpt>
<trkpt lat="52.445960668846965" lon="4.899875018745661">
<ele>-0.08</ele>
</trkpt>
<trkpt lat="52.446135515347123" lon="4.899750463664532">
<ele>-0.05</ele>
</trkpt>
<trkpt lat="52.446228051558137" lon="4.899538233876228">
<ele>-0.3</ele>
</trkpt>
<trkpt lat="52.446309523656964" lon="4.899316448718309">
<ele>-0.44</ele>
</trkpt>
<trkpt lat="52.446399293839931" lon="4.899155348539352">
<ele>-0.4</ele>
</trkpt>
<trkpt lat="52.446403400972486" lon="4.899137662723661">
<ele>-0.27</ele>
</trkpt>
<trkpt lat="52.446443298831582" lon="4.899071697145701">
<ele>-0.33</ele>
</trkpt>
<trkpt lat="52.446454027667642" lon="4.899085275828838">
<ele>-0.53</ele>
</trkpt>
<trkpt lat="52.446467271074653" lon="4.899070272222161">
<ele>-0.66</ele>
</trkpt>
<trkpt lat="52.446547318249941" lon="4.898930210620165">
<ele>-0.57</ele>
</trkpt>
<trkpt lat="52.44655360467732" lon="4.898917470127344">
<ele>-0.58</ele>
</trkpt>
<trkpt lat="52.446570033207536" lon="4.898882685229182">
<ele>-0.48</ele>
</trkpt>
<trkpt lat="52.446589479222894" lon="4.898836500942707">
<ele>-0.26</ele>
</trkpt>
<trkpt lat="52.446637339890003" lon="4.898764584213495">
<ele>0.03</ele>
</trkpt>
<trkpt lat="52.446710430085659" lon="4.898670203983784">
<ele>0.39</ele>
</trkpt>
<trkpt lat="52.446752674877644" lon="4.89848529919982">
<ele>-0.24</ele>
</trkpt>
<trkpt lat="52.446789974346757" lon="4.898376166820526">
<ele>-0.3</ele>
</trkpt>
<trkpt lat="52.44679743424058" lon="4.898088667541742">
<ele>-0.42</ele>
</trkpt>
<trkpt lat="52.446771198883653" lon="4.897819356992841">
<ele>0.11</ele>
</trkpt>
<trkpt lat="52.446768097579479" lon="4.8975935485214">
<ele>-0.33</ele>
</trkpt>
<trkpt lat="52.446777820587158" lon="4.897583741694689">
<ele>-0.4</ele>
</trkpt>
<trkpt lat="52.44686633348465" lon="4.897537976503372">
<ele>-0.55</ele>
</trkpt>
<trkpt lat="52.446910673752427" lon="4.897519871592522">
<ele>-0.53</ele>
</trkpt>
<trkpt lat="52.447027014568448" lon="4.897481147199869">
<ele>-0.46</ele>
</trkpt>
<trkpt lat="52.447029780596495" lon="4.897468406707048">
<ele>-0.48</ele>
</trkpt>
<trkpt lat="52.447043275460601" lon="4.897226169705391">
<ele>-0.35</ele>
</trkpt>
<trkpt lat="52.447044448927045" lon="4.897043779492378">
<ele>-0.44</ele>
</trkpt>
<trkpt lat="52.447011927142739" lon="4.896940514445305">
<ele>-0.19</ele>
</trkpt>
<trkpt lat="52.446985188871622" lon="4.896927773952484">
<ele>-0.26</ele>
</trkpt>
<trkpt lat="52.44695920497179" lon="4.896896760910749">
<ele>-0.26</ele>
</trkpt>
<trkpt lat="52.446914277970791" lon="4.896838003769517">
<ele>-0.26</ele>
</trkpt>
<trkpt lat="52.446865746751428" lon="4.896799782291055">
<ele>-0.26</ele>
</trkpt>
<trkpt lat="52.446842361241579" lon="4.89670573733747">
<ele>-0.26</ele>
</trkpt>
<trkpt lat="52.446838757023215" lon="4.896544134244323">
<ele>-0.26</ele>
</trkpt>
<trkpt lat="52.446856778115034" lon="4.89647364243865">
<ele>-0.26</ele>
</trkpt>
<trkpt lat="52.446876643225551" lon="4.896417064592242">
<ele>-0.89</ele>
</trkpt>
<trkpt lat="52.44695627130568" lon="4.896196285262704">
<ele>-0.97</ele>
</trkpt>
<trkpt lat="52.447089040651917" lon="4.896147586405277">
<ele>-0.74</ele>
</trkpt>
<trkpt lat="52.447100188583136" lon="4.896137779578567">
<ele>-0.75</ele>
</trkpt>
<trkpt lat="52.447211081162095" lon="4.896041136234999">
<ele>-0.77</ele>
</trkpt>
<trkpt lat="52.447230610996485" lon="4.896022360771895">
<ele>-0.72</ele>
</trkpt>
<trkpt lat="52.447268664836884" lon="4.895989838987589">
<ele>-0.72</ele>
</trkpt>
<trkpt lat="52.447340413928032" lon="4.895812729373574">
<ele>-0.75</ele>
</trkpt>
<trkpt lat="52.447409061715007" lon="4.895881544798613">
<ele>-0.83</ele>
</trkpt>
<trkpt lat="52.447536131367087" lon="4.895994868129492">
<ele>-1.91</ele>
</trkpt>
<trkpt lat="52.447711564600468" lon="4.896028395742178">
<ele>-2.07</ele>
</trkpt>
<trkpt lat="52.447865791618824" lon="4.896047590300441">
<ele>-2.1</ele>
</trkpt>
<trkpt lat="52.44798431172967" lon="4.896081872284412">
<ele>-2.07</ele>
</trkpt>
<trkpt lat="52.448083469644189" lon="4.896148173138499">
<ele>-2.23</ele>
</trkpt>
<trkpt lat="52.448219424113631" lon="4.896235847845674">
<ele>-2.31</ele>
</trkpt>
<trkpt lat="52.448319001123309" lon="4.896172564476728">
<ele>-2.03</ele>
</trkpt>
<trkpt lat="52.448457973077893" lon="4.896097714081407">
<ele>-2.24</ele>
</trkpt>
<trkpt lat="52.448681015521288" lon="4.896045327186585">
<ele>-2.34</ele>
</trkpt>
<trkpt lat="52.448782604187727" lon="4.896004004403949">
<ele>-2.1</ele>
</trkpt>
<trkpt lat="52.448765002191067" lon="4.895942229777575">
<ele>-2.1</ele>
</trkpt>
<trkpt lat="52.448650002479553" lon="4.895727736875415">
<ele>-2.1</ele>
</trkpt>
<trkpt lat="52.448650002479553" lon="4.895724803209305">
<ele>-2.1</ele>
</trkpt>
<trkpt lat="52.448597867041826" lon="4.895557248964906">
<ele>-2.1</ele>
</trkpt>
<trkpt lat="52.448574565351009" lon="4.89541039802134">
<ele>-2.1</ele>
</trkpt>
<trkpt lat="52.448574565351009" lon="4.89540746435523">
<ele>-2.1</ele>
</trkpt>
<trkpt lat="52.44853500276804" lon="4.895304618403316">
<ele>-2.1</ele>
</trkpt>
<trkpt lat="52.448531398549676" lon="4.895283998921514">
<ele>-2.1</ele>
</trkpt>
<trkpt lat="52.448508013039827" lon="4.895090041682124">
<ele>-2.1</ele>
</trkpt>
<trkpt lat="52.448482867330313" lon="4.894834393635392">
<ele>-2.1</ele>
</trkpt>
<trkpt lat="52.44847540743649" lon="4.894758118316531">
<ele>-2.1</ele>
</trkpt>
<trkpt lat="52.448444897308946" lon="4.894505403935909">
<ele>-2.1</ele>
</trkpt>
<trkpt lat="52.448434084653854" lon="4.89430851303041">
<ele>-2.1</ele>
</trkpt>
<trkpt lat="52.448419751599431" lon="4.894179264083505">
<ele>-2.1</ele>
</trkpt>
<trkpt lat="52.448434084653854" lon="4.89408228546381">
<ele>-2.1</ele>
</trkpt>
<trkpt lat="52.448437688872218" lon="4.89407055079937">
<ele>-2.1</ele>
</trkpt>
<trkpt lat="52.448480855673552" lon="4.893958820030093">
<ele>-2.1</ele>
</trkpt>
<trkpt lat="52.448480855673552" lon="4.893955886363983">
<ele>-2.1</ele>
</trkpt>
<trkpt lat="52.448504157364368" lon="4.893832504749298">
<ele>-2.1</ele>
</trkpt>
<trkpt lat="52.448504157364368" lon="4.893750194460154">
<ele>-2.1</ele>
</trkpt>
<trkpt lat="52.448570625856519" lon="4.893626812845469">
<ele>-2.1</ele>
</trkpt>
<trkpt lat="52.448664084076881" lon="4.893459342420101">
<ele>-2.1</ele>
</trkpt>
<trkpt lat="52.448712531477213" lon="4.893425814807415">
<ele>-2.73</ele>
</trkpt>
<trkpt lat="52.448810935020447" lon="4.893188858404756">
<ele>-2.84</ele>
</trkpt>
<trkpt lat="52.448863405734301" lon="4.893072685226798">
<ele>-2.82</ele>
</trkpt>
<trkpt lat="52.44889416731894" lon="4.892801279202104">
<ele>-2.51</ele>
</trkpt>
<trkpt lat="52.448978153988719" lon="4.892601706087589">
<ele>-2.78</ele>
</trkpt>
<trkpt lat="52.449027271941304" lon="4.892528699710965">
<ele>-2.78</ele>
</trkpt>
<trkpt lat="52.449007071554661" lon="4.892534399405122">
<ele>-2.47</ele>
</trkpt>
<trkpt lat="52.448881426826119" lon="4.892577147111297">
<ele>-2.55</ele>
</trkpt>
<trkpt lat="52.448852509260178" lon="4.89259977824986">
<ele>-2.5</ele>
</trkpt>
<trkpt lat="52.448738683015108" lon="4.892690386623144">
<ele>-2.59</ele>
</trkpt>
<trkpt lat="52.448680512607098" lon="4.892744952812791">
<ele>-2.82</ele>
</trkpt>
<trkpt lat="52.448535170406103" lon="4.892928600311279">
<ele>-2.7</ele>
</trkpt>
<trkpt lat="52.448444562032819" lon="4.893006132915616">
<ele>-3.1</ele>
</trkpt>
<trkpt lat="52.448424529284239" lon="4.893013844266534">
<ele>-3.12</ele>
</trkpt>
<trkpt lat="52.448276001960039" lon="4.89303220063448">
<ele>-3.54</ele>
</trkpt>
<trkpt lat="52.448116829618812" lon="4.893061872571707">
<ele>-3.66</ele>
</trkpt>
<trkpt lat="52.448002165183425" lon="4.893128927797079">
<ele>-3.47</ele>
</trkpt>
<trkpt lat="52.447949526831508" lon="4.893176788464189">
<ele>-3.46</ele>
</trkpt>
<trkpt lat="52.4479154124856" lon="4.893212830647826">
<ele>-3.45</ele>
</trkpt>
<trkpt lat="52.447743248194456" lon="4.89333076402545">
<ele>-3.59</ele>
</trkpt>
<trkpt lat="52.44767208583653" lon="4.893381977453828">
<ele>-3.76</ele>
</trkpt>
<trkpt lat="52.44762908667326" lon="4.893420366570354">
<ele>-3.79</ele>
</trkpt>
<trkpt lat="52.447479302063584" lon="4.893515082076192">
<ele>-3.96</ele>
</trkpt>
<trkpt lat="52.44745415635407" lon="4.893526146188378">
<ele>-4.02</ele>
</trkpt>
<trkpt lat="52.447331864386797" lon="4.893616754561663">
<ele>-4.02</ele>
</trkpt>
<trkpt lat="52.44719079695642" lon="4.893711721524596">
<ele>-4.18</ele>
</trkpt>
<trkpt lat="52.446998097002506" lon="4.893845915794373">
<ele>-4.36</ele>
</trkpt>
<trkpt lat="52.446953672915697" lon="4.893876258283854">
<ele>-4.46</ele>
</trkpt>
<trkpt lat="52.446931879967451" lon="4.893891932442784">
<ele>-4.47</ele>
</trkpt>
<trkpt lat="52.446815706789494" lon="4.893922442570329">
<ele>-4.59</ele>
</trkpt>
<trkpt lat="52.446681428700686" lon="4.893865697085857">
<ele>-4.9</ele>
</trkpt>
<trkpt lat="52.446540696546435" lon="4.893880700692534">
<ele>-4.94</ele>
</trkpt>
<trkpt lat="52.446433575823903" lon="4.893945744261146">
<ele>-5.06</ele>
</trkpt>
<trkpt lat="52.446314049884677" lon="4.89401388913393">
<ele>-4.99</ele>
</trkpt>
<trkpt lat="52.446142891421914" lon="4.894063174724579">
<ele>-4.95</ele>
</trkpt>
<trkpt lat="52.445979611948133" lon="4.894079770892859">
<ele>-4.87</ele>
</trkpt>
<trkpt lat="52.445865198969841" lon="4.894078094512224">
<ele>-4.94</ele>
</trkpt>
<trkpt lat="52.445836951956153" lon="4.894101480022073">
<ele>-4.94</ele>
</trkpt>
<trkpt lat="52.44578942656517" lon="4.894118411466479">
<ele>-4.99</ele>
</trkpt>
<trkpt lat="52.445742823183537" lon="4.894077675417066">
<ele>-4.96</ele>
</trkpt>
<trkpt lat="52.445666212588549" lon="4.893730832263827">
<ele>-4.78</ele>
</trkpt>
<trkpt lat="52.445608377456665" lon="4.893379714339972">
<ele>-4.73</ele>
</trkpt>
<trkpt lat="52.445622039958835" lon="4.893135717138648">
<ele>-5.14</ele>
</trkpt>
<trkpt lat="52.445775093510747" lon="4.892988028004766">
<ele>-5.27</ele>
</trkpt>
<trkpt lat="52.445801831781864" lon="4.892928684130311">
<ele>-5.29</ele>
</trkpt>
<trkpt lat="52.44586419314146" lon="4.892802955582738">
<ele>-5.12</ele>
</trkpt>
<trkpt lat="52.445950191468" lon="4.892645459622145">
<ele>-4.96</ele>
</trkpt>
<trkpt lat="52.446083296090364" lon="4.892397439107299">
<ele>-4.97</ele>
</trkpt>
<trkpt lat="52.446126798167825" lon="4.892306914553046">
<ele>-4.98</ele>
</trkpt>
<trkpt lat="52.446200558915734" lon="4.892202727496624">
<ele>-4.97</ele>
</trkpt>
<trkpt lat="52.446231571957469" lon="4.89216199144721">
<ele>-4.99</ele>
</trkpt>
<trkpt lat="52.446371465921402" lon="4.892017235979438">
<ele>-5.15</ele>
</trkpt>
<trkpt lat="52.446486633270979" lon="4.891912881284952">
<ele>-5.23</ele>
</trkpt>
<trkpt lat="52.446592077612877" lon="4.891826212406158">
<ele>-5.06</ele>
</trkpt>
<trkpt lat="52.446758458390832" lon="4.891717247664928">
<ele>-5.09</ele>
</trkpt>
<trkpt lat="52.446933221071959" lon="4.891603086143732">
<ele>-5.01</ele>
</trkpt>
<trkpt lat="52.447002623230219" lon="4.891561092808843">
<ele>-4.94</ele>
</trkpt>
<trkpt lat="52.447139248251915" lon="4.891468808054924">
<ele>-4.88</ele>
</trkpt>
<trkpt lat="52.447232538834214" lon="4.891383228823543">
<ele>-4.99</ele>
</trkpt>
<trkpt lat="52.447379557415843" lon="4.891306702047586">
<ele>-5.1</ele>
</trkpt>
<trkpt lat="52.447534957900643" lon="4.891220033168793">
<ele>-5.03</ele>
</trkpt>
<trkpt lat="52.447691196575761" lon="4.891132023185492">
<ele>-5.2</ele>
</trkpt>
<trkpt lat="52.447883309796453" lon="4.891049545258284">
<ele>-5.44</ele>
</trkpt>
<trkpt lat="52.448051031678915" lon="4.890983328223229">
<ele>-5.43</ele>
</trkpt>
<trkpt lat="52.448231829330325" lon="4.890894731506705">
<ele>-5.98</ele>
</trkpt>
<trkpt lat="52.448346326127648" lon="4.890700606629252">
<ele>-5.76</ele>
</trkpt>
<trkpt lat="52.448390079662204" lon="4.890478905290365">
<ele>-5.71</ele>
</trkpt>
<trkpt lat="52.448388068005443" lon="4.890330461785197">
<ele>-5.71</ele>
</trkpt>
<trkpt lat="52.44849007576704" lon="4.890174139291048">
<ele>-6.18</ele>
</trkpt>
<trkpt lat="52.44851253926754" lon="4.889900889247656">
<ele>-6.19</ele>
</trkpt>
<trkpt lat="52.44847783818841" lon="4.889519261196256">
<ele>-6.6</ele>
</trkpt>
<trkpt lat="52.448435258120298" lon="4.889210807159543">
<ele>-6.62</ele>
</trkpt>
<trkpt lat="52.448423523455858" lon="4.889136711135507">
<ele>-6.59</ele>
</trkpt>
<trkpt lat="52.448419332504272" lon="4.88906848244369">
<ele>-6.54</ele>
</trkpt>
<trkpt lat="52.448377590626478" lon="4.888805542141199">
<ele>-6.73</ele>
</trkpt>
<trkpt lat="52.448344733566046" lon="4.888574117794633">
<ele>-6.55</ele>
</trkpt>
<trkpt lat="52.448310367763042" lon="4.888362558558583">
<ele>-6.55</ele>
</trkpt>
<trkpt lat="52.448244486004114" lon="4.888032730668783">
<ele>-6.76</ele>
</trkpt>
<trkpt lat="52.448215316981077" lon="4.887800049036741">
<ele>-6.7</ele>
</trkpt>
<trkpt lat="52.448211209848523" lon="4.887763587757945">
<ele>-6.63</ele>
</trkpt>
<trkpt lat="52.448210874572396" lon="4.887714721262455">
<ele>-6.66</ele>
</trkpt>
<trkpt lat="52.448225961998105" lon="4.887562589719892">
<ele>-6.63</ele>
</trkpt>
<trkpt lat="52.448265021666884" lon="4.887157576158643">
<ele>-6.77</ele>
</trkpt>
<trkpt lat="52.448267955332994" lon="4.886937718838453">
<ele>-6.8</ele>
</trkpt>
<trkpt lat="52.448290251195431" lon="4.886899162083864">
<ele>-6.84</ele>
</trkpt>
<trkpt lat="52.448354121297598" lon="4.886856498196721">
<ele>-6.9</ele>
</trkpt>
<trkpt lat="52.448546569794416" lon="4.886733954772353">
<ele>-6.92</ele>
</trkpt>
<trkpt lat="52.44874270632863" lon="4.886620966717601">
<ele>-7.04</ele>
</trkpt>
<trkpt lat="52.44888486340642" lon="4.886554414406419">
<ele>-7.1</ele>
</trkpt>
<trkpt lat="52.448945548385382" lon="4.886548714712262">
<ele>-7.03</ele>
</trkpt>
<trkpt lat="52.448985278606415" lon="4.886502865701914">
<ele>-7.12</ele>
</trkpt>
<trkpt lat="52.449093488976359" lon="4.886448634788394">
<ele>-7.23</ele>
</trkpt>
<trkpt lat="52.449122490361333" lon="4.886426087468863">
<ele>-7.32</ele>
</trkpt>
<trkpt lat="52.449169848114252" lon="4.886411000043154">
<ele>-7.41</ele>
</trkpt>
<trkpt lat="52.4491863604635" lon="4.886399516835809">
<ele>-7.55</ele>
</trkpt>
<trkpt lat="52.449207985773683" lon="4.8863844294101">
<ele>-7.62</ele>
</trkpt>
<trkpt lat="52.449291720986366" lon="4.88634629175067">
<ele>-7.7</ele>
</trkpt>
<trkpt lat="52.449450558051467" lon="4.886274626478553">
<ele>-7.8</ele>
</trkpt>
<trkpt lat="52.44950789026916" lon="4.886230789124966">
<ele>-7.83</ele>
</trkpt>
<trkpt lat="52.449577376246452" lon="4.886174965649843">
<ele>-7.8</ele>
</trkpt>
<trkpt lat="52.449744679033756" lon="4.886104138568044">
<ele>-7.84</ele>
</trkpt>
<trkpt lat="52.449902929365635" lon="4.885972877964377">
<ele>-8.08</ele>
</trkpt>
<trkpt lat="52.450044751167297" lon="4.885843796655536">
<ele>-8.02</ele>
</trkpt>
<trkpt lat="52.450224040076137" lon="4.88569350913167">
<ele>-8.060000000000001</ele>
</trkpt>
<trkpt lat="52.450371729210019" lon="4.885546490550041">
<ele>-7.94</ele>
</trkpt>
<trkpt lat="52.450397545471787" lon="4.885473567992449">
<ele>-7.94</ele>
</trkpt>
<trkpt lat="52.450397545471787" lon="4.885464683175087">
<ele>-7.94</ele>
</trkpt>
<trkpt lat="52.450404753908515" lon="4.88529721274972">
<ele>-7.94</ele>
</trkpt>
<trkpt lat="52.450379021465778" lon="4.885185901075602">
<ele>-7.83</ele>
</trkpt>
<trkpt lat="52.450354965403676" lon="4.884907454252243">
<ele>-7.83</ele>
</trkpt>
<trkpt lat="52.450324036180973" lon="4.884628169238567">
<ele>-8.119999999999999</ele>
</trkpt>
<trkpt lat="52.450310876592994" lon="4.884485173970461">
<ele>-8.18</ele>
</trkpt>
<trkpt lat="52.450298219919205" lon="4.88421393558383">
<ele>-8.199999999999999</ele>
</trkpt>
<trkpt lat="52.450296124443412" lon="4.883947307243943">
<ele>-8.17</ele>
</trkpt>
<trkpt lat="52.45029553771019" lon="4.883824093267322">
<ele>-8.210000000000001</ele>
</trkpt>
<trkpt lat="52.450276175513864" lon="4.88361731171608">
<ele>-8.390000000000001</ele>
</trkpt>
<trkpt lat="52.450243653729558" lon="4.883426204323769">
<ele>-8.51</ele>
</trkpt>
<trkpt lat="52.450237115845084" lon="4.883409943431616">
<ele>-8.51</ele>
</trkpt>
<trkpt lat="52.450210209935904" lon="4.883371721953154">
<ele>-8.51</ele>
</trkpt>
<trkpt lat="52.450198978185654" lon="4.883346660062671">
<ele>-6.58</ele>
</trkpt>
<trkpt lat="52.450189674273133" lon="4.883286477997899">
<ele>-6.45</ele>
</trkpt>
<trkpt lat="52.450186405330896" lon="4.883208023384213">
<ele>-6.82</ele>
</trkpt>
<trkpt lat="52.4501983076334" lon="4.883142812177539">
<ele>-7.38</ele>
</trkpt>
<trkpt lat="52.450212221592665" lon="4.883093358948827">
<ele>-7.29</ele>
</trkpt>
<trkpt lat="52.450305595993996" lon="4.882780043408275">
<ele>-7.57</ele>
</trkpt>
<trkpt lat="52.450340045616031" lon="4.882702846080065">
<ele>-7.15</ele>
</trkpt>
<trkpt lat="52.450361251831055" lon="4.882668731734157">
<ele>-6.98</ele>
</trkpt>
<trkpt lat="52.450349098071456" lon="4.882666133344173">
<ele>-6.99</ele>
</trkpt>
<trkpt lat="52.450402909889817" lon="4.882517857477069">
<ele>-7.38</ele>
</trkpt>
<trkpt lat="52.450455883517861" lon="4.882326666265726">
<ele>-7.37</ele>
</trkpt>
<trkpt lat="52.450499050319195" lon="4.882203452289105">
<ele>-7.42</ele>
</trkpt>
<trkpt lat="52.45055940002203" lon="4.882007483392954">
<ele>-7.64</ele>
</trkpt>
<trkpt lat="52.450578175485134" lon="4.881933052092791">
<ele>-7.69</ele>
</trkpt>
<trkpt lat="52.450589574873447" lon="4.881882006302476">
<ele>-7.31</ele>
</trkpt>
<trkpt lat="52.450667023658752" lon="4.881695508956909">
<ele>-7.69</ele>
</trkpt>
<trkpt lat="52.450745897367597" lon="4.881443213671446">
<ele>-7.43</ele>
</trkpt>
<trkpt lat="52.450871961191297" lon="4.881070805713534">
<ele>-7.3</ele>
</trkpt>
<trkpt lat="52.451020739972591" lon="4.880835693329573">
<ele>-7.2</ele>
</trkpt>
<trkpt lat="52.451141774654388" lon="4.880718011409044">
<ele>-7.22</ele>
</trkpt>
<trkpt lat="52.451176643371582" lon="4.880761345848441">
<ele>-6.95</ele>
</trkpt>
<trkpt lat="52.451198017224669" lon="4.88100266084075">
<ele>-6.57</ele>
</trkpt>
<trkpt lat="52.451224587857723" lon="4.881174741312861">
<ele>-6.69</ele>
</trkpt>
<trkpt lat="52.451291559264064" lon="4.881220422685146">
<ele>-6.96</ele>
</trkpt>
<trkpt lat="52.451476631686091" lon="4.881252190098167">
<ele>-7.26</ele>
</trkpt>
<trkpt lat="52.45151175186038" lon="4.881248082965612">
<ele>-7.25</ele>
</trkpt>
<trkpt lat="52.45168911293149" lon="4.881265936419368">
<ele>-7.01</ele>
</trkpt>
<trkpt lat="52.451848620548844" lon="4.881249088793993">
<ele>-7.23</ele>
</trkpt>
<trkpt lat="52.451887847855687" lon="4.881257386878133">
<ele>-7.28</ele>
</trkpt>
<trkpt lat="52.452017432078719" lon="4.881258979439735">
<ele>-7.25</ele>
</trkpt>
<trkpt lat="52.452181382104754" lon="4.881244143471122">
<ele>-7.3</ele>
</trkpt>
<trkpt lat="52.452319180592895" lon="4.88122008740902">
<ele>-7.51</ele>
</trkpt>
<trkpt lat="52.452359581366181" lon="4.881217237561941">
<ele>-7.46</ele>
</trkpt>
<trkpt lat="52.452528811991215" lon="4.881202233955264">
<ele>-7.36</ele>
</trkpt>
<trkpt lat="52.452658312395215" lon="4.881202150136232">
<ele>-7.45</ele>
</trkpt>
<trkpt lat="52.452880516648293" lon="4.881196534261107">
<ele>-7.52</ele>
</trkpt>
<trkpt lat="52.452897448092699" lon="4.881194857880473">
<ele>-7.83</ele>
</trkpt>
<trkpt lat="52.452911864966154" lon="4.88118345849216">
<ele>-7.81</ele>
</trkpt>
<trkpt lat="52.452980177477002" lon="4.881166443228722">
<ele>-7.82</ele>
</trkpt>
<trkpt lat="52.453138427808881" lon="4.881133250892162">
<ele>-8.07</ele>
</trkpt>
<trkpt lat="52.453285194933414" lon="4.881081115454435">
<ele>-7.3</ele>
</trkpt>
<trkpt lat="52.453455934301019" lon="4.880970977246761">
<ele>-6.98</ele>
</trkpt>
<trkpt lat="52.453584177419543" lon="4.880854049697518">
<ele>-7.08</ele>
</trkpt>
<trkpt lat="52.45370521210134" lon="4.880714993923903">
<ele>-7.23</ele>
</trkpt>
<trkpt lat="52.45380244217813" lon="4.880537549033761">
<ele>-7.82</ele>
</trkpt>
<trkpt lat="52.453912496566772" lon="4.880436128005385">
<ele>-7.75</ele>
</trkpt>
<trkpt lat="52.453977121040225" lon="4.880528161302209">
<ele>-7.49</ele>
</trkpt>
<trkpt lat="52.454040152952075" lon="4.880703007802367">
<ele>-7.34</ele>
</trkpt>
<trkpt lat="52.454077871516347" lon="4.880809122696519">
<ele>-7.46</ele>
</trkpt>
<trkpt lat="52.454201420769095" lon="4.880970055237413">
<ele>-7.73</ele>
</trkpt>
<trkpt lat="52.45432622730732" lon="4.881137441843748">
<ele>-7.65</ele>
</trkpt>
<trkpt lat="52.454435527324677" lon="4.881250346079469">
<ele>-7.69</ele>
</trkpt>
<trkpt lat="52.45448112487793" lon="4.881286136806011">
<ele>-7.6</ele>
</trkpt>
<trkpt lat="52.454507946968079" lon="4.881312623620033">
<ele>-7.6</ele>
</trkpt>
<trkpt lat="52.454658653587103" lon="4.881401304155588">
<ele>-7.6</ele>
</trkpt>
<trkpt lat="52.45480265468359" lon="4.881408009678125">
<ele>-7.77</ele>
</trkpt>
<trkpt lat="52.454935926944017" lon="4.881326286122203">
<ele>-7.78</ele>
</trkpt>
<trkpt lat="52.4550352524966" lon="4.881194522604346">
<ele>-7.86</ele>
</trkpt>
<trkpt lat="52.455094428732991" lon="4.881033841520548">
<ele>-7.83</ele>
</trkpt>
<trkpt lat="52.455129213631153" lon="4.880955806002021">
<ele>-7.8</ele>
</trkpt>
<trkpt lat="52.455188557505608" lon="4.880838543176651">
<ele>-7.71</ele>
</trkpt>
<trkpt lat="52.45531034655869" lon="4.880666043609381">
<ele>-7.46</ele>
</trkpt>
<trkpt lat="52.455408750101924" lon="4.88053310662508">
<ele>-7.62</ele>
</trkpt>
<trkpt lat="52.455540094524622" lon="4.880349291488528">
<ele>-7.83</ele>
</trkpt>
<trkpt lat="52.455626679584384" lon="4.880211744457483">
<ele>-7.94</ele>
</trkpt>
<trkpt lat="52.455638749524951" lon="4.880136055871844">
<ele>-8.029999999999999</ele>
</trkpt>
<trkpt lat="52.455634055659175" lon="4.880036730319262">
<ele>-8.23</ele>
</trkpt>
<trkpt lat="52.455654004588723" lon="4.879916282370687">
<ele>-8.029999999999999</ele>
</trkpt>
<trkpt lat="52.455691639333963" lon="4.879753170534968">
<ele>-8.23</ele>
</trkpt>
<trkpt lat="52.455714521929622" lon="4.879686702042818">
<ele>-8.23</ele>
</trkpt>
<trkpt lat="52.455896660685539" lon="4.87946592271328">
<ele>-8.41</ele>
</trkpt>
<trkpt lat="52.455912921577692" lon="4.879463072866201">
<ele>-8.390000000000001</ele>
</trkpt>
<trkpt lat="52.456092964857817" lon="4.879373051226139">
<ele>-8.48</ele>
</trkpt>
<trkpt lat="52.456310139968991" lon="4.879275988787413">
<ele>-8.539999999999999</ele>
</trkpt>
<trkpt lat="52.456424050033092" lon="4.879178088158369">
<ele>-8.27</ele>
</trkpt>
<trkpt lat="52.456456152722239" lon="4.879184542223811">
<ele>-8.32</ele>
</trkpt>
<trkpt lat="52.456551790237427" lon="4.879280850291252">
<ele>-7.84</ele>
</trkpt>
<trkpt lat="52.456651115790009" lon="4.879361651837826">
<ele>-7.94</ele>
</trkpt>
<trkpt lat="52.456737365573645" lon="4.879438262432814">
<ele>-7.94</ele>
</trkpt>
<trkpt lat="52.456869296729565" lon="4.879515459761024">
<ele>-7.87</ele>
</trkpt>
<trkpt lat="52.457068702206016" lon="4.879695251584053">
<ele>-8.09</ele>
</trkpt>
<trkpt lat="52.457243800163269" lon="4.879824500530958">
<ele>-7.97</ele>
</trkpt>
<trkpt lat="52.457457790151238" lon="4.879799773916602">
<ele>-7.94</ele>
</trkpt>
<trkpt lat="52.457522414624691" lon="4.879736993461847">
<ele>-7.83</ele>
</trkpt>
<trkpt lat="52.457651747390628" lon="4.879506407305598">
<ele>-8.17</ele>
</trkpt>
<trkpt lat="52.457796838134527" lon="4.879254279658198">
<ele>-8.390000000000001</ele>
</trkpt>
<trkpt lat="52.457972774282098" lon="4.878960996866226">
<ele>-8.5</ele>
</trkpt>
<trkpt lat="52.458081236109138" lon="4.878648016601801">
<ele>-8.59</ele>
</trkpt>
<trkpt lat="52.458229009062052" lon="4.878287091851234">
<ele>-8.640000000000001</ele>
</trkpt>
<trkpt lat="52.458268152549863" lon="4.878199249505997">
<ele>-8.57</ele>
</trkpt>
<trkpt lat="52.458336800336838" lon="4.877927089110017">
<ele>-8.710000000000001</ele>
</trkpt>
<trkpt lat="52.458433862775564" lon="4.877666411921382">
<ele>-8.859999999999999</ele>
</trkpt>
<trkpt lat="52.45853771455586" lon="4.877497097477317">
<ele>-8.869999999999999</ele>
</trkpt>
<trkpt lat="52.458547772839665" lon="4.877463402226567">
<ele>-8.91</ele>
</trkpt>
<trkpt lat="52.458564452826977" lon="4.8773926589638">
<ele>-9.060000000000001</ele>
</trkpt>
<trkpt lat="52.458634190261364" lon="4.877280592918396">
<ele>-8.98</ele>
</trkpt>
<trkpt lat="52.458657659590244" lon="4.877244969829917">
<ele>-8.810000000000001</ele>
</trkpt>
<trkpt lat="52.458668388426304" lon="4.877176992595196">
<ele>-8.65</ele>
</trkpt>
<trkpt lat="52.458690516650677" lon="4.877062411978841">
<ele>-8.68</ele>
</trkpt>
<trkpt lat="52.458691941574216" lon="4.876989405602217">
<ele>-8.57</ele>
</trkpt>
<trkpt lat="52.458724044263363" lon="4.876831574365497">
<ele>-8.24</ele>
</trkpt>
<trkpt lat="52.458765031769872" lon="4.876765944063664">
<ele>-8.220000000000001</ele>
</trkpt>
<trkpt lat="52.458789506927133" lon="4.87670324742794">
<ele>-8.210000000000001</ele>
</trkpt>
<trkpt lat="52.458826387301087" lon="4.876611717045307">
<ele>-8.140000000000001</ele>
</trkpt>
<trkpt lat="52.458885395899415" lon="4.876384483650327">
<ele>-8.07</ele>
</trkpt>
<trkpt lat="52.458891179412603" lon="4.876176444813609">
<ele>-8.380000000000001</ele>
</trkpt>
<trkpt lat="52.458970472216606" lon="4.876083405688405">
<ele>-8.09</ele>
</trkpt>
<trkpt lat="52.459114724770188" lon="4.876184742897749">
<ele>-7.86</ele>
</trkpt>
<trkpt lat="52.459298707544804" lon="4.876336539164186">
<ele>-7.71</ele>
</trkpt>
<trkpt lat="52.459449330344796" lon="4.876494202762842">
<ele>-7.66</ele>
</trkpt>
<trkpt lat="52.45959609746933" lon="4.876680364832282">
<ele>-7.62</ele>
</trkpt>
<trkpt lat="52.459660554304719" lon="4.876765608787537">
<ele>-7.63</ele>
</trkpt>
<trkpt lat="52.459690477699041" lon="4.876826461404562">
<ele>-7.58</ele>
</trkpt>
<trkpt lat="52.459790138527751" lon="4.877033662050962">
<ele>-7.71</ele>
</trkpt>
<trkpt lat="52.459897678345442" lon="4.877308337017894">
<ele>-8.01</ele>
</trkpt>
<trkpt lat="52.459979904815555" lon="4.877540515735745">
<ele>-7.98</ele>
</trkpt>
<trkpt lat="52.460048720240593" lon="4.87776406109333">
<ele>-8.08</ele>
</trkpt>
<trkpt lat="52.460042685270309" lon="4.878012165427208">
<ele>-7.88</ele>
</trkpt>
<trkpt lat="52.459993399679661" lon="4.87806354649365">
<ele>-7.86</ele>
</trkpt>
<trkpt lat="52.459909077733755" lon="4.878137810155749">
<ele>-8.050000000000001</ele>
</trkpt>
<trkpt lat="52.459899187088013" lon="4.878163374960423">
<ele>-8.02</ele>
</trkpt>
<trkpt lat="52.459896001964808" lon="4.878291785717011">
<ele>-8.130000000000001</ele>
</trkpt>
<trkpt lat="52.459959452971816" lon="4.878550870344043">
<ele>-8.199999999999999</ele>
</trkpt>
<trkpt lat="52.460042685270309" lon="4.878836274147034">
<ele>-8.19</ele>
</trkpt>
<trkpt lat="52.46012139134109" lon="4.87910290248692">
<ele>-8.199999999999999</ele>
</trkpt>
<trkpt lat="52.460193391889334" lon="4.879352347925305">
<ele>-8.359999999999999</ele>
</trkpt>
<trkpt lat="52.460288191214204" lon="4.879645798355341">
<ele>-8.69</ele>
</trkpt>
<trkpt lat="52.460371172055602" lon="4.879909325391054">
<ele>-8.800000000000001</ele>
</trkpt>
<trkpt lat="52.460420206189156" lon="4.880063552409411">
<ele>-8.949999999999999</ele>
</trkpt>
<trkpt lat="52.460471168160439" lon="4.880219204351306">
<ele>-8.93</ele>
</trkpt>
<trkpt lat="52.460514586418867" lon="4.880391117185354">
<ele>-8.59</ele>
</trkpt>
<trkpt lat="52.460501091554761" lon="4.880476696416736">
<ele>-8.359999999999999</ele>
</trkpt>
<trkpt lat="52.46046831831336" lon="4.880528915673494">
<ele>-8.23</ele>
</trkpt>
<trkpt lat="52.460317444056273" lon="4.880645675584674">
<ele>-8.44</ele>
</trkpt>
<trkpt lat="52.46026455424726" lon="4.880678029730916">
<ele>-8.5</ele>
</trkpt>
<trkpt lat="52.460246030241251" lon="4.880757909268141">
<ele>-8.58</ele>
</trkpt>
<trkpt lat="52.460252149030566" lon="4.880819097161293">
<ele>-8.66</ele>
</trkpt>
<trkpt lat="52.460278300568461" lon="4.880892438814044">
<ele>-8.699999999999999</ele>
</trkpt>
<trkpt lat="52.460296405479312" lon="4.880980867892504">
<ele>-8.43</ele>
</trkpt>
<trkpt lat="52.460324233397841" lon="4.881087234243751">
<ele>-8.560000000000001</ele>
</trkpt>
<trkpt lat="52.460363376885653" lon="4.881260572001338">
<ele>-7.98</ele>
</trkpt>
<trkpt lat="52.460367986932397" lon="4.881351264193654">
<ele>-7.94</ele>
</trkpt>
<trkpt lat="52.460384834557772" lon="4.881439609453082">
<ele>-8</ele>
</trkpt>
<trkpt lat="52.460428755730391" lon="4.88166575320065">
<ele>-8.49</ele>
</trkpt>
<trkpt lat="52.460569823160768" lon="4.881948893889785">
<ele>-8.85</ele>
</trkpt>
<trkpt lat="52.460591113194823" lon="4.881983511149883">
<ele>-8.91</ele>
</trkpt>
<trkpt lat="52.4606994073838" lon="4.882181407883763">
<ele>-9.24</ele>
</trkpt>
<trkpt lat="52.460740311071277" lon="4.882228346541524">
<ele>-9.310000000000001</ele>
</trkpt>
<trkpt lat="52.46080594137311" lon="4.882323313504458">
<ele>-9.24</ele>
</trkpt>
<trkpt lat="52.460934603586793" lon="4.882520120590925">
<ele>-8.949999999999999</ele>
</trkpt>
<trkpt lat="52.460997886955738" lon="4.882786413654685">
<ele>-9</ele>
</trkpt>
<trkpt lat="52.460940722376108" lon="4.883054131641984">
<ele>-8.949999999999999</ele>
</trkpt>
<trkpt lat="52.460898896679282" lon="4.883382702246308">
<ele>-8.91</ele>
</trkpt>
<trkpt lat="52.461028145626187" lon="4.883498037233949">
<ele>-8.949999999999999</ele>
</trkpt>
<trkpt lat="52.461189748719335" lon="4.883562913164496">
<ele>-8.83</ele>
</trkpt>
<trkpt lat="52.461237609386444" lon="4.883590238168836">
<ele>-8.84</ele>
</trkpt>
<trkpt lat="52.461285050958395" lon="4.883765922859311">
<ele>-8.9</ele>
</trkpt>
<trkpt lat="52.461379431188107" lon="4.884030623361468">
<ele>-8.720000000000001</ele>
</trkpt>
<trkpt lat="52.461478672921658" lon="4.884265316650271">
<ele>-8.16</ele>
</trkpt>
<trkpt lat="52.461581183597445" lon="4.884536052122712">
<ele>-7.97</ele>
</trkpt>
<trkpt lat="52.46167422272265" lon="4.884843081235886">
<ele>-8.27</ele>
</trkpt>
<trkpt lat="52.461706660687923" lon="4.885074757039547">
<ele>-8.66</ele>
</trkpt>
<trkpt lat="52.461723173037171" lon="4.885262679308653">
<ele>-8.5</ele>
</trkpt>
<trkpt lat="52.461723843589425" lon="4.885595859959722">
<ele>-8</ele>
</trkpt>
<trkpt lat="52.461760807782412" lon="4.885965920984745">
<ele>-7.93</ele>
</trkpt>
<trkpt lat="52.461866922676563" lon="4.886215198785067">
<ele>-8.220000000000001</ele>
</trkpt>
<trkpt lat="52.462020562961698" lon="4.886473193764687">
<ele>-8.08</ele>
</trkpt>
<trkpt lat="52.462205132469535" lon="4.886758094653487">
<ele>-7.94</ele>
</trkpt>
<trkpt lat="52.462396742776036" lon="4.886941490694881">
<ele>-7.72</ele>
</trkpt>
<trkpt lat="52.462543928995728" lon="4.887053053826094">
<ele>-7.93</ele>
</trkpt>
<trkpt lat="52.462739897891879" lon="4.88727911375463">
<ele>-8.07</ele>
</trkpt>
<trkpt lat="52.462820867076516" lon="4.887403249740601">
<ele>-8.029999999999999</ele>
</trkpt>
<trkpt lat="52.462767055258155" lon="4.88754054531455">
<ele>-8.18</ele>
</trkpt>
<trkpt lat="52.462658090516925" lon="4.887730479240418">
<ele>-8.029999999999999</ele>
</trkpt>
<trkpt lat="52.462539151310921" lon="4.88794949837029">
<ele>-8.18</ele>
</trkpt>
<trkpt lat="52.462453488260508" lon="4.888092074543238">
<ele>-8.109999999999999</ele>
</trkpt>
<trkpt lat="52.462420295923948" lon="4.888147562742233">
<ele>-8.23</ele>
</trkpt>
<trkpt lat="52.462375368922949" lon="4.88824169151485">
<ele>-8.390000000000001</ele>
</trkpt>
<trkpt lat="52.462278893217444" lon="4.88844939507544">
<ele>-8.17</ele>
</trkpt>
<trkpt lat="52.462187362834811" lon="4.888650979846716">
<ele>-8.220000000000001</ele>
</trkpt>
<trkpt lat="52.462096754461527" lon="4.888859437778592">
<ele>-8.25</ele>
</trkpt>
<trkpt lat="52.462032549083233" lon="4.889072002843022">
<ele>-8.390000000000001</ele>
</trkpt>
<trkpt lat="52.461973540484905" lon="4.889294039458036">
<ele>-8.119999999999999</ele>
</trkpt>
<trkpt lat="52.461960548534989" lon="4.889325387775898">
<ele>-8.119999999999999</ele>
</trkpt>
<trkpt lat="52.461859378963709" lon="4.889541305601597">
<ele>-8.19</ele>
</trkpt>
<trkpt lat="52.461777990683913" lon="4.889697544276714">
<ele>-8.19</ele>
</trkpt>
<trkpt lat="52.461763992905617" lon="4.889751775190234">
<ele>-8.35</ele>
</trkpt>
<trkpt lat="52.46169869787991" lon="4.889933075755835">
<ele>-8.73</ele>
</trkpt>
<trkpt lat="52.461658883839846" lon="4.89005645737052">
<ele>-9</ele>
</trkpt>
<trkpt lat="52.461635833606124" lon="4.890163578093052">
<ele>-9.199999999999999</ele>
</trkpt>
<trkpt lat="52.461612615734339" lon="4.890220491215587">
<ele>-9.310000000000001</ele>
</trkpt>
<trkpt lat="52.461546901613474" lon="4.890430122613907">
<ele>-9.52</ele>
</trkpt>
<trkpt lat="52.461527204141021" lon="4.890467086806893">
<ele>-9.57</ele>
</trkpt>
<trkpt lat="52.461517481133342" lon="4.890500446781516">
<ele>-9.59</ele>
</trkpt>
<trkpt lat="52.46138202957809" lon="4.890723070129752">
<ele>-9.539999999999999</ele>
</trkpt>
<trkpt lat="52.461263677105308" lon="4.89085927605629">
<ele>-9.57</ele>
</trkpt>
<trkpt lat="52.461196454241872" lon="4.891005288809538">
<ele>-9.470000000000001</ele>
</trkpt>
<trkpt lat="52.461241045966744" lon="4.891148367896676">
<ele>-9.44</ele>
</trkpt>
<trkpt lat="52.461294690147042" lon="4.891342744231224">
<ele>-9.68</ele>
</trkpt>
<trkpt lat="52.461309777572751" lon="4.891425222158432">
<ele>-9.68</ele>
</trkpt>
<trkpt lat="52.461332157254219" lon="4.891704339534044">
<ele>-9.68</ele>
</trkpt>
<trkpt lat="52.461336683481932" lon="4.891719007864595">
<ele>-9.68</ele>
</trkpt>
<trkpt lat="52.461323188617826" lon="4.891998209059238">
<ele>-9.68</ele>
</trkpt>
<trkpt lat="52.461296282708645" lon="4.892174480482936">
<ele>-9.68</ele>
</trkpt>
<trkpt lat="52.461340874433517" lon="4.892234494909644">
<ele>-9.4</ele>
</trkpt>
<trkpt lat="52.461366606876254" lon="4.892255198210478">
<ele>-9.449999999999999</ele>
</trkpt>
<trkpt lat="52.461397452279925" lon="4.892303310334683">
<ele>-9.369999999999999</ele>
</trkpt>
<trkpt lat="52.461429890245199" lon="4.892360977828503">
<ele>-9.359999999999999</ele>
</trkpt>
<trkpt lat="52.461521588265896" lon="4.89247178658843">
<ele>-9.119999999999999</ele>
</trkpt>
<trkpt lat="52.461571460589767" lon="4.892486371099949">
<ele>-8.94</ele>
</trkpt>
<trkpt lat="52.461697608232498" lon="4.892240613698959">
<ele>-9.6</ele>
</trkpt>
<trkpt lat="52.461771285161376" lon="4.892041627317667">
<ele>-9.65</ele>
</trkpt>
<trkpt lat="52.461777152493596" lon="4.892032658681274">
<ele>-9.630000000000001</ele>
</trkpt>
<trkpt lat="52.461882932111621" lon="4.891986474394798">
<ele>-9.5</ele>
</trkpt>
<trkpt lat="52.462031207978725" lon="4.892082447186112">
<ele>-9.449999999999999</ele>
</trkpt>
<trkpt lat="52.462168335914612" lon="4.89219862036407">
<ele>-9.4</ele>
</trkpt>
<trkpt lat="52.462303368374705" lon="4.892280260100961">
<ele>-9.59</ele>
</trkpt>
<trkpt lat="52.462347373366356" lon="4.892298951745033">
<ele>-9.17</ele>
</trkpt>
<trkpt lat="52.462375452741981" lon="4.89232468418777">
<ele>-9.08</ele>
</trkpt>
<trkpt lat="52.462391881272197" lon="4.89232468418777">
<ele>-8.550000000000001</ele>
</trkpt>
<trkpt lat="52.462356342002749" lon="4.892170205712318">
<ele>-9.01</ele>
</trkpt>
<trkpt lat="52.462432784959674" lon="4.891933668404818">
<ele>-9.279999999999999</ele>
</trkpt>
<trkpt lat="52.462468408048153" lon="4.891649438068271">
<ele>-9.59</ele>
</trkpt>
<trkpt lat="52.462503612041473" lon="4.891313491389155">
<ele>-9.32</ele>
</trkpt>
<trkpt lat="52.462565051391721" lon="4.891049461439252">
<ele>-9.57</ele>
</trkpt>
<trkpt lat="52.46271550655365" lon="4.890924403443933">
<ele>-9.619999999999999</ele>
</trkpt>
<trkpt lat="52.462868811562657" lon="4.890946615487337">
<ele>-9.69</ele>
</trkpt>
<trkpt lat="52.463037874549627" lon="4.891093634068966">
<ele>-9.119999999999999</ele>
</trkpt>
<trkpt lat="52.463065702468157" lon="4.891325980424881">
<ele>-9.34</ele>
</trkpt>
<trkpt lat="52.462975429370999" lon="4.891548687592149">
<ele>-9.390000000000001</ele>
</trkpt>
<trkpt lat="52.462889514863491" lon="4.891779776662588">
<ele>-9.380000000000001</ele>
</trkpt>
<trkpt lat="52.462859842926264" lon="4.892079848796129">
<ele>-9.27</ele>
</trkpt>
<trkpt lat="52.462795050814748" lon="4.892324516549707">
<ele>-9.25</ele>
</trkpt>
<trkpt lat="52.46271894313395" lon="4.892430799081922">
<ele>-9.039999999999999</ele>
</trkpt>
<trkpt lat="52.462707543745637" lon="4.892439348623157">
<ele>-9</ele>
</trkpt>
<trkpt lat="52.462662868201733" lon="4.89251721650362">
<ele>-8.91</ele>
</trkpt>
<trkpt lat="52.462788010016084" lon="4.892668593674898">
<ele>-9.210000000000001</ele>
</trkpt>
<trkpt lat="52.463011555373669" lon="4.892821563407779">
<ele>-9.199999999999999</ele>
</trkpt>
<trkpt lat="52.463119765743613" lon="4.892860287800431">
<ele>-9.48</ele>
</trkpt>
<trkpt lat="52.46324373409152" lon="4.892902281135321">
<ele>-9.59</ele>
</trkpt>
<trkpt lat="52.463393351063132" lon="4.892955673858523">
<ele>-9.49</ele>
</trkpt>
<trkpt lat="52.463432662189007" lon="4.892962630838156">
<ele>-9.52</ele>
</trkpt>
<trkpt lat="52.463504411280155" lon="4.892991883680224">
<ele>-9.59</ele>
</trkpt>
<trkpt lat="52.463688813149929" lon="4.892930779606104">
<ele>-9.609999999999999</ele>
</trkpt>
<trkpt lat="52.463769027963281" lon="4.89272290840745">
<ele>-9.52</ele>
</trkpt>
<trkpt lat="52.463840860873461" lon="4.892507074400783">
<ele>-9.58</ele>
</trkpt>
<trkpt lat="52.463873717933893" lon="4.892400791868568">
<ele>-9.57</ele>
</trkpt>
<trkpt lat="52.463968517258763" lon="4.89223231561482">
<ele>-9.68</ele>
</trkpt>
<trkpt lat="52.464067088440061" lon="4.891984630376101">
<ele>-9.41</ele>
</trkpt>
<trkpt lat="52.464132802560925" lon="4.891778938472271">
<ele>-9.619999999999999</ele>
</trkpt>
<trkpt lat="52.464162977412343" lon="4.891675673425198">
<ele>-9.51</ele>
</trkpt>
<trkpt lat="52.464228859171271" lon="4.891664274036884">
<ele>-9.35</ele>
</trkpt>
<trkpt lat="52.464346876367927" lon="4.891870636492968">
<ele>-9.310000000000001</ele>
</trkpt>
<trkpt lat="52.464454332366586" lon="4.892101474106312">
<ele>-9.68</ele>
</trkpt>
<trkpt lat="52.464472102001309" lon="4.892166685312986">
<ele>-9.720000000000001</ele>
</trkpt>
<trkpt lat="52.464409070089459" lon="4.892442198470235">
<ele>-9.51</ele>
</trkpt>
<trkpt lat="52.464366070926189" lon="4.892576392740011">
<ele>-9.35</ele>
</trkpt>
<trkpt lat="52.464344697073102" lon="4.892664235085249">
<ele>-9.34</ele>
</trkpt>
<trkpt lat="52.464285269379616" lon="4.892856767401099">
<ele>-9.609999999999999</ele>
</trkpt>
<trkpt lat="52.464184267446399" lon="4.893066566437483">
<ele>-9.27</ele>
</trkpt>
<trkpt lat="52.464116122573614" lon="4.893284495919943">
<ele>-9.23</ele>
</trkpt>
<trkpt lat="52.464046720415354" lon="4.893593117594719">
<ele>-9.060000000000001</ele>
</trkpt>
<trkpt lat="52.463978491723537" lon="4.893814483657479">
<ele>-8.98</ele>
</trkpt>
<trkpt lat="52.463941108435392" lon="4.894044399261475">
<ele>-8.82</ele>
</trkpt>
<trkpt lat="52.463943036273122" lon="4.894065270200372">
<ele>-8.859999999999999</ele>
</trkpt>
<trkpt lat="52.464036997407675" lon="4.894273560494185">
<ele>-9.23</ele>
</trkpt>
<trkpt lat="52.464199187234044" lon="4.894366599619389">
<ele>-9.15</ele>
</trkpt>
<trkpt lat="52.464378979057074" lon="4.894439522176981">
<ele>-9.34</ele>
</trkpt>
<trkpt lat="52.46454250998795" lon="4.894503140822053">
<ele>-9.09</ele>
</trkpt>
<trkpt lat="52.464585090056062" lon="4.894497357308865">
<ele>-9.109999999999999</ele>
</trkpt>
<trkpt lat="52.464634291827679" lon="4.894509594887495">
<ele>-9.029999999999999</ele>
</trkpt>
<trkpt lat="52.464784663170576" lon="4.894620236009359">
<ele>-8.949999999999999</ele>
</trkpt>
<trkpt lat="52.464877031743526" lon="4.894794328138232">
<ele>-9.08</ele>
</trkpt>
<trkpt lat="52.464828919619322" lon="4.895028518512845">
<ele>-9.48</ele>
</trkpt>
<trkpt lat="52.464796733111143" lon="4.89526136778295">
<ele>-9.5</ele>
</trkpt>
<trkpt lat="52.464842665940523" lon="4.895455492660403">
<ele>-9.810000000000001</ele>
</trkpt>
<trkpt lat="52.464875858277082" lon="4.895544173195958">
<ele>-3.359375</ele>
</trkpt>
<trkpt lat="52.464980967342854" lon="4.895691527053714">
<ele>-3.27734375</ele>
</trkpt>
<trkpt lat="52.464989013969898" lon="4.895695801824331">
<ele>-3.26953125</ele>
</trkpt>
<trkpt lat="52.46508875861764" lon="4.895808454602957">
<ele>-3.12109375</ele>
</trkpt>
<trkpt lat="52.465091440826654" lon="4.895812813192606">
<ele>-3.1171875</ele>
</trkpt>
<trkpt lat="52.465142654255033" lon="4.895999142900109">
<ele>-2.87109375</ele>
</trkpt>
<trkpt lat="52.465142654255033" lon="4.896020768210292">
<ele>-2.84375</ele>
</trkpt>
<trkpt lat="52.46511030010879" lon="4.896116070449352">
<ele>-2.734375</ele>
</trkpt>
<trkpt lat="52.465107617899776" lon="4.896129062399268">
<ele>-2.7265625</ele>
</trkpt>
<trkpt lat="52.465029498562217" lon="4.896324025467038">
<ele>-2.59765625</ele>
</trkpt>
<trkpt lat="52.465024050325155" lon="4.896324025467038">
<ele>-2.59765625</ele>
</trkpt>
<trkpt lat="52.464881222695112" lon="4.896514713764191">
<ele>-2.47265625</ele>
</trkpt>
<trkpt lat="52.464881222695112" lon="4.896518988534808">
<ele>-2.46875</ele>
</trkpt>
<trkpt lat="52.464835457503796" lon="4.89667933434248">
<ele>-2.36328125</ele>
</trkpt>
<trkpt lat="52.464838139712811" lon="4.896687967702746">
<ele>-2.35546875</ele>
</trkpt>
<trkpt lat="52.46493780054152" lon="4.896865580230951">
<ele>-2.23828125</ele>
</trkpt>
<trkpt lat="52.46493780054152" lon="4.896869938820601">
<ele>-2.23828125</ele>
</trkpt>
<trkpt lat="52.465022625401616" lon="4.896924085915089">
<ele>-9.08</ele>
</trkpt>
<trkpt lat="52.46513276360929" lon="4.896985860541463">
<ele>-9.17</ele>
</trkpt>
<trkpt lat="52.465195208787918" lon="4.897035732865334">
<ele>-9.42</ele>
</trkpt>
<trkpt lat="52.465257989242673" lon="4.89724176004529">
<ele>-9.24</ele>
</trkpt>
<trkpt lat="52.465253714472055" lon="4.897470586001873">
<ele>-9.24</ele>
</trkpt>
<trkpt lat="52.465234519913793" lon="4.897459102794528">
<ele>-8.67</ele>
</trkpt>
<trkpt lat="52.465210044756532" lon="4.897515764459968">
<ele>-8.550000000000001</ele>
</trkpt>
<trkpt lat="52.46520409360528" lon="4.89756278693676">
<ele>-8.470000000000001</ele>
</trkpt>
<trkpt lat="52.465197304263711" lon="4.897662280127406">
<ele>-8.66</ele>
</trkpt>
<trkpt lat="52.465189173817635" lon="4.897650964558125">
<ele>-8.84</ele>
</trkpt>
<trkpt lat="52.465229742228985" lon="4.897744925692678">
<ele>-8.710000000000001</ele>
</trkpt>
<trkpt lat="52.465239716693759" lon="4.897754481062293">
<ele>-8.710000000000001</ele>
</trkpt>
<trkpt lat="52.465407941490412" lon="4.897848945111036">
<ele>-8.810000000000001</ele>
</trkpt>
<trkpt lat="52.465583123266697" lon="4.897920610383153">
<ele>-8.82</ele>
</trkpt>
<trkpt lat="52.465727375820279" lon="4.897926645353437">
<ele>-9.050000000000001</ele>
</trkpt>
<trkpt lat="52.465799544006586" lon="4.897944247350097">
<ele>-9.279999999999999</ele>
</trkpt>
<trkpt lat="52.465808680281043" lon="4.897902086377144">
<ele>-9.34</ele>
</trkpt>
<trkpt lat="52.465880513191223" lon="4.897756995633245">
<ele>-8.859999999999999</ele>
</trkpt>
<trkpt lat="52.465946143493056" lon="4.897533785551786">
<ele>-8.98</ele>
</trkpt>
<trkpt lat="52.466047815978527" lon="4.897296410053968">
<ele>-9.619999999999999</ele>
</trkpt>
<trkpt lat="52.466074973344803" lon="4.897204544395208">
<ele>-9.619999999999999</ele>
</trkpt>
<trkpt lat="52.466185446828604" lon="4.896962055936456">
<ele>-9.619999999999999</ele>
</trkpt>
<trkpt lat="52.466258201748133" lon="4.896719651296735">
<ele>-9.619999999999999</ele>
</trkpt>
<trkpt lat="52.466260967776179" lon="4.896715292707086">
<ele>-9.619999999999999</ele>
</trkpt>
<trkpt lat="52.466349899768829" lon="4.896499291062355">
<ele>-9.619999999999999</ele>
</trkpt>
<trkpt lat="52.466430701315403" lon="4.896305333822966">
<ele>-9.619999999999999</ele>
</trkpt>
<trkpt lat="52.466503456234932" lon="4.896076172590256">
<ele>-9.619999999999999</ele>
</trkpt>
<trkpt lat="52.46656003408134" lon="4.895820524543524">
<ele>-9.619999999999999</ele>
</trkpt>
<trkpt lat="52.46656003408134" lon="4.895807281136513">
<ele>-9.619999999999999</ele>
</trkpt>
<trkpt lat="52.466587023809552" lon="4.895697059109807">
<ele>-9.619999999999999</ele>
</trkpt>
<trkpt lat="52.466551987454295" lon="4.895542832091451">
<ele>-9.619999999999999</ele>
</trkpt>
<trkpt lat="52.466522315517068" lon="4.895379720255733">
<ele>-9.619999999999999</ele>
</trkpt>
<trkpt lat="52.466519633308053" lon="4.895238652825356">
<ele>-9.619999999999999</ele>
</trkpt>
<trkpt lat="52.466565482318401" lon="4.895119713619351">
<ele>-9.619999999999999</ele>
</trkpt>
<trkpt lat="52.466611079871655" lon="4.895148882642388">
<ele>-8.09</ele>
</trkpt>
<trkpt lat="52.466762121766806" lon="4.895277041941881">
<ele>-8.640000000000001</ele>
</trkpt>
<trkpt lat="52.466923221945763" lon="4.8954245634377">
<ele>-9.18</ele>
</trkpt>
<trkpt lat="52.467076443135738" lon="4.895539982244372">
<ele>-8.94</ele>
</trkpt>
<trkpt lat="52.467258833348751" lon="4.895674511790276">
<ele>-8.82</ele>
</trkpt>
<trkpt lat="52.467334773391485" lon="4.895719271153212">
<ele>-8.880000000000001</ele>
</trkpt>
<trkpt lat="52.467451114207506" lon="4.895802000537515">
<ele>-8.98</ele>
</trkpt>
<trkpt lat="52.467638198286295" lon="4.895949605852366">
<ele>-8.77</ele>
</trkpt>
<trkpt lat="52.467782534658909" lon="4.896134342998266">
<ele>-8.810000000000001</ele>
</trkpt>
<trkpt lat="52.467879261821508" lon="4.896318158134818">
<ele>-8.869999999999999</ele>
</trkpt>
<trkpt lat="52.467949585989118" lon="4.896499291062355">
<ele>-8.15</ele>
</trkpt>
<trkpt lat="52.467963667586446" lon="4.896543044596911">
<ele>-8.1</ele>
</trkpt>
<trkpt lat="52.468041200190783" lon="4.896761141717434">
<ele>-9.02</ele>
</trkpt>
<trkpt lat="52.46808897703886" lon="4.897024165838957">
<ele>-9.07</ele>
</trkpt>
<trkpt lat="52.468109428882599" lon="4.897351898252964">
<ele>-8.98</ele>
</trkpt>
<trkpt lat="52.468112362548709" lon="4.89768591709435">
<ele>-8.699999999999999</ele>
</trkpt>
<trkpt lat="52.468100879341364" lon="4.897994538769126">
<ele>-8.76</ele>
</trkpt>
<trkpt lat="52.468055784702301" lon="4.898265525698662">
<ele>-8.98</ele>
</trkpt>
<trkpt lat="52.468002140522003" lon="4.898505667224526">
<ele>-8.59</ele>
</trkpt>
<trkpt lat="52.467945227399468" lon="4.898772714659572">
<ele>-8.949999999999999</ele>
</trkpt>
<trkpt lat="52.467870963737369" lon="4.899089131504297">
<ele>-8.92</ele>
</trkpt>
<trkpt lat="52.467813212424517" lon="4.89935215562582">
<ele>-8.84</ele>
</trkpt>
<trkpt lat="52.46779628098011" lon="4.899585507810116">
<ele>-8.67</ele>
</trkpt>
<trkpt lat="52.467790748924017" lon="4.899705788120627">
<ele>-7.68</ele>
</trkpt>
<trkpt lat="52.467780774459243" lon="4.899752140045166">
<ele>-7.51</ele>
</trkpt>
<trkpt lat="52.467707181349397" lon="4.89999613724649">
<ele>-7.24</ele>
</trkpt>
<trkpt lat="52.467681113630533" lon="4.900141647085547">
<ele>-7.24</ele>
</trkpt>
<trkpt lat="52.46765605174005" lon="4.900215826928616">
<ele>-7.03</ele>
</trkpt>
<trkpt lat="52.46758371591568" lon="4.900330575183034">
<ele>-7.19</ele>
</trkpt>
<trkpt lat="52.467506770044565" lon="4.900268716737628">
<ele>-7.56</ele>
</trkpt>
<trkpt lat="52.467341814190149" lon="4.900186993181706">
<ele>-8.01</ele>
</trkpt>
<trkpt lat="52.467290265485644" lon="4.900212725624442">
<ele>-8.26</ele>
</trkpt>
<trkpt lat="52.467299988493323" lon="4.900181796401739">
<ele>-8.19</ele>
</trkpt>
<trkpt lat="52.467270400375128" lon="4.900235272943974">
<ele>-8.59</ele>
</trkpt>
<trkpt lat="52.467165626585484" lon="4.900378854945302">
<ele>-8.69</ele>
</trkpt>
<trkpt lat="52.467068815603852" lon="4.900547415018082">
<ele>-8.619999999999999</ele>
</trkpt>
<trkpt lat="52.466930262744427" lon="4.90066752769053">
<ele>-8.65</ele>
</trkpt>
<trkpt lat="52.466840408742428" lon="4.900689153000712">
<ele>-8.67</ele>
</trkpt>
<trkpt lat="52.46671250090003" lon="4.900797782465816">
<ele>-8.65</ele>
</trkpt>
<trkpt lat="52.466647792607546" lon="4.901049826294184">
<ele>-8.5</ele>
</trkpt>
<trkpt lat="52.466597249731421" lon="4.901315616443753">
<ele>-8.52</ele>
</trkpt>
<trkpt lat="52.466409495100379" lon="4.90146841853857">
<ele>-8.82</ele>
</trkpt>
<trkpt lat="52.466174969449639" lon="4.90161987952888">
<ele>-8.550000000000001</ele>
</trkpt>
<trkpt lat="52.466068686917424" lon="4.901899332180619">
<ele>-8.560000000000001</ele>
</trkpt>
<trkpt lat="52.466030716896057" lon="4.902267465367913">
<ele>-8.810000000000001</ele>
</trkpt>
<trkpt lat="52.466024598106742" lon="4.902651272714138">
<ele>-8.5</ele>
</trkpt>
<trkpt lat="52.465973384678364" lon="4.903001803904772">
<ele>-8.23</ele>
</trkpt>
<trkpt lat="52.465804405510426" lon="4.903225852176547">
<ele>-7.99</ele>
</trkpt>
<trkpt lat="52.465597121044993" lon="4.903267007321119">
<ele>-8.25</ele>
</trkpt>
<trkpt lat="52.465464938431978" lon="4.903170028701425">
<ele>-8.4</ele>
</trkpt>
<trkpt lat="52.465426214039326" lon="4.903223337605596">
<ele>-8.289999999999999</ele>
</trkpt>
<trkpt lat="52.465421939268708" lon="4.903500359505415">
<ele>-8.619999999999999</ele>
</trkpt>
<trkpt lat="52.46534725651145" lon="4.903587698936462">
<ele>-8.65</ele>
</trkpt>
<trkpt lat="52.465181043371558" lon="4.903559200465679">
<ele>-8.27</ele>
</trkpt>
<trkpt lat="52.465164950117469" lon="4.903519805520773">
<ele>-8.17</ele>
</trkpt>
<trkpt lat="52.465118514373899" lon="4.903265917673707">
<ele>-8.220000000000001</ele>
</trkpt>
<trkpt lat="52.465088004246354" lon="4.903047904372215">
<ele>-8.359999999999999</ele>
</trkpt>
<trkpt lat="52.464948110282421" lon="4.903009766712785">
<ele>-8.27</ele>
</trkpt>
<trkpt lat="52.464788937941194" lon="4.902977999299765">
<ele>-8.539999999999999</ele>
</trkpt>
<trkpt lat="52.464662790298462" lon="4.902913123369217">
<ele>-8.58</ele>
</trkpt>
<trkpt lat="52.464532451704144" lon="4.902709778398275">
<ele>-9.050000000000001</ele>
</trkpt>
<trkpt lat="52.464391468092799" lon="4.902608105912805">
<ele>-8.619999999999999</ele>
</trkpt>
<trkpt lat="52.464319132268429" lon="4.902168558910489">
<ele>-9.33</ele>
</trkpt>
<trkpt lat="52.464193822816014" lon="4.90208943374455">
<ele>-8.890000000000001</ele>
</trkpt>
<trkpt lat="52.464122492820024" lon="4.901860356330872">
<ele>-9.199999999999999</ele>
</trkpt>
<trkpt lat="52.464095167815685" lon="4.901529103517532">
<ele>-8.779999999999999</ele>
</trkpt>
<trkpt lat="52.464081589132547" lon="4.901399854570627">
<ele>-8.880000000000001</ele>
</trkpt>
<trkpt lat="52.464067256078124" lon="4.901110511273146">
<ele>-8.779999999999999</ele>
</trkpt>
<trkpt lat="52.464072871953249" lon="4.901040522381663">
<ele>-8.779999999999999</ele>
</trkpt>
<trkpt lat="52.464035572484136" lon="4.900759309530258">
<ele>-9.26</ele>
</trkpt>
<trkpt lat="52.464004643261433" lon="4.900439204648137">
<ele>-9.09</ele>
</trkpt>
<trkpt lat="52.463971031829715" lon="4.900144496932626">
<ele>-9.18</ele>
</trkpt>
<trkpt lat="52.463928535580635" lon="4.899828247725964">
<ele>-8.970000000000001</ele>
</trkpt>
<trkpt lat="52.463890397921205" lon="4.899588860571384">
<ele>-9.41</ele>
</trkpt>
<trkpt lat="52.463857876136899" lon="4.899529349058867">
<ele>-9.57</ele>
</trkpt>
<trkpt lat="52.463835496455431" lon="4.899532785639167">
<ele>-9.220000000000001</ele>
</trkpt>
<trkpt lat="52.46380171738565" lon="4.899539072066546">
<ele>-8.949999999999999</ele>
</trkpt>
<trkpt lat="52.463634666055441" lon="4.899599924683571">
<ele>-8.73</ele>
</trkpt>
<trkpt lat="52.463599545881152" lon="4.899611324071884">
<ele>-8.65</ele>
</trkpt>
<trkpt lat="52.463501812890172" lon="4.899495737627149">
<ele>-9.470000000000001</ele>
</trkpt>
<trkpt lat="52.463396200910211" lon="4.899278311058879">
<ele>-9.51</ele>
</trkpt>
<trkpt lat="52.463286062702537" lon="4.899034481495619">
<ele>-9.75</ele>
</trkpt>
<trkpt lat="52.46324029751122" lon="4.898872962221503">
<ele>-9.890000000000001</ele>
</trkpt>
<trkpt lat="52.463219175115228" lon="4.898737007752061">
<ele>-9.810000000000001</ele>
</trkpt>
<trkpt lat="52.463205512613058" lon="4.898462081328034">
<ele>-9.640000000000001</ele>
</trkpt>
<trkpt lat="52.463215738534927" lon="4.898200146853924">
<ele>-9.65</ele>
</trkpt>
<trkpt lat="52.463230909779668" lon="4.897890686988831">
<ele>-9.779999999999999</ele>
</trkpt>
<trkpt lat="52.463225293904543" lon="4.89784718491137">
<ele>-9.800000000000001</ele>
</trkpt>
<trkpt lat="52.463227976113558" lon="4.897770741954446">
<ele>-9.83</ele>
</trkpt>
<trkpt lat="52.463185647502542" lon="4.897538982331753">
<ele>-9.84</ele>
</trkpt>
<trkpt lat="52.463131919503212" lon="4.897310743108392">
<ele>-9.77</ele>
</trkpt>
<trkpt lat="52.463077269494534" lon="4.897176548838615">
<ele>-9.619999999999999</ele>
</trkpt>
<trkpt lat="52.462943242862821" lon="4.897072445601225">
<ele>-9.44</ele>
</trkpt>
<trkpt lat="52.462836122140288" lon="4.897023998200893">
<ele>-9.52</ele>
</trkpt>
<trkpt lat="52.462665047496557" lon="4.896906986832619">
<ele>-9.52</ele>
</trkpt>
<trkpt lat="52.462528673931956" lon="4.896826101467013">
<ele>-9.619999999999999</ele>
</trkpt>
<trkpt lat="52.462382912635803" lon="4.896737169474363">
<ele>-9.109999999999999</ele>
</trkpt>
<trkpt lat="52.462230278179049" lon="4.896620661020279">
<ele>-8.73</ele>
</trkpt>
<trkpt lat="52.462077308446169" lon="4.896551091223955">
<ele>-9.039999999999999</ele>
</trkpt>
<trkpt lat="52.462065070867538" lon="4.896556790918112">
<ele>-9.039999999999999</ele>
</trkpt>
<trkpt lat="52.462002290412784" lon="4.896781258285046">
<ele>-9.310000000000001</ele>
</trkpt>
<trkpt lat="52.461981670930982" lon="4.897062387317419">
<ele>-9.369999999999999</ele>
</trkpt>
<trkpt lat="52.461968846619129" lon="4.89714059047401">
<ele>-9.48</ele>
</trkpt>
<trkpt lat="52.46192785911262" lon="4.897392718121409">
<ele>-9.26</ele>
</trkpt>
<trkpt lat="52.461922243237495" lon="4.897634955123067">
<ele>-9.279999999999999</ele>
</trkpt>
<trkpt lat="52.46190438978374" lon="4.897921364754438">
<ele>-9.18</ele>
</trkpt>
<trkpt lat="52.461826354265213" lon="4.898172235116363">
<ele>-9.17</ele>
</trkpt>
<trkpt lat="52.461770279332995" lon="4.89845210686326">
<ele>-9.199999999999999</ele>
</trkpt>
<trkpt lat="52.461775727570057" lon="4.898598538711667">
<ele>-9.130000000000001</ele>
</trkpt>
<trkpt lat="52.461740355938673" lon="4.898819234222174">
<ele>-9.25</ele>
</trkpt>
<trkpt lat="52.461726861074567" lon="4.898859551176429">
<ele>-9.220000000000001</ele>
</trkpt>
<trkpt lat="52.4616629909724" lon="4.899106398224831">
<ele>-8.810000000000001</ele>
</trkpt>
<trkpt lat="52.461611023172736" lon="4.899276969954372">
<ele>-9.02</ele>
</trkpt>
<trkpt lat="52.461567437276244" lon="4.899427257478237">
<ele>-9.07</ele>
</trkpt>
<trkpt lat="52.461492922157049" lon="4.899774771183729">
<ele>-9.060000000000001</ele>
</trkpt>
<trkpt lat="52.461410025134683" lon="4.899856830015779">
<ele>-0.33984375</ele>
</trkpt>
<trkpt lat="52.461358811706305" lon="4.89988281391561">
<ele>-0.23828125</ele>
</trkpt>
<trkpt lat="52.461183629930019" lon="4.899700842797756">
<ele>-0.1875</ele>
</trkpt>
<trkpt lat="52.460997719317675" lon="4.899479895830154">
<ele>-0.109375</ele>
</trkpt>
<trkpt lat="52.460994953289628" lon="4.899479895830154">
<ele>-0.10546875</ele>
</trkpt>
<trkpt lat="52.460809042677283" lon="4.899289207533002">
<ele>0.06640625</ele>
</trkpt>
<trkpt lat="52.460694210603833" lon="4.899188792333007">
<ele>-8.550000000000001</ele>
</trkpt>
<trkpt lat="52.460617264732718" lon="4.899127688258886">
<ele>-8.630000000000001</ele>
</trkpt>
<trkpt lat="52.460544677451253" lon="4.899051580578089">
<ele>-8.75</ele>
</trkpt>
<trkpt lat="52.460538223385811" lon="4.899038756266236">
<ele>-8.73</ele>
</trkpt>
<trkpt lat="52.460493966937065" lon="4.898948147892952">
<ele>-8.67</ele>
</trkpt>
<trkpt lat="52.460462786257267" lon="4.898888887837529">
<ele>-8.640000000000001</ele>
</trkpt>
<trkpt lat="52.460397239774466" lon="4.898793920874596">
<ele>-8.640000000000001</ele>
</trkpt>
<trkpt lat="52.46033051982522" lon="4.898697696626186">
<ele>-8.34</ele>
</trkpt>
<trkpt lat="52.46026111766696" lon="4.898583199828863">
<ele>-8.43</ele>
</trkpt>
<trkpt lat="52.460239492356777" lon="4.898567860946059">
<ele>1.359375</ele>
</trkpt>
<trkpt lat="52.460166737437248" lon="4.898554868996143">
<ele>1.5234375</ele>
</trkpt>
<trkpt lat="52.460155924782157" lon="4.898398881778121">
<ele>1.49609375</ele>
</trkpt>
<trkpt lat="52.460151566192508" lon="4.898058911785483">
<ele>1.4921875</ele>
</trkpt>
<trkpt lat="52.460068166255951" lon="4.898025300353766">
<ele>-8.67</ele>
</trkpt>
<trkpt lat="52.459935313090682" lon="4.898036029189825">
<ele>-8.26</ele>
</trkpt>
<trkpt lat="52.459749737754464" lon="4.897993952035904">
<ele>-8.369999999999999</ele>
</trkpt>
<trkpt lat="52.459498951211572" lon="4.897983642295003">
<ele>-8.199999999999999</ele>
</trkpt>
<trkpt lat="52.459337934851646" lon="4.898020774126053">
<ele>-8.41</ele>
</trkpt>
<trkpt lat="52.459145653992891" lon="4.898020355030894">
<ele>-8.26</ele>
</trkpt>
<trkpt lat="52.458957312628627" lon="4.89796201698482">
<ele>-8.300000000000001</ele>
</trkpt>
<trkpt lat="52.458793027326465" lon="4.897907702252269">
<ele>-8.09</ele>
</trkpt>
<trkpt lat="52.458677021786571" lon="4.89775724709034">
<ele>-8.369999999999999</ele>
</trkpt>
<trkpt lat="52.458652211353183" lon="4.897512746974826">
<ele>-7.84</ele>
</trkpt>
<trkpt lat="52.458590269088745" lon="4.897233713418245">
<ele>-7.96</ele>
</trkpt>
<trkpt lat="52.458435790613294" lon="4.897070853039622">
<ele>-7.55</ele>
</trkpt>
<trkpt lat="52.458270331844687" lon="4.896938838064671">
<ele>-7.38</ele>
</trkpt>
<trkpt lat="52.458280557766557" lon="4.896706072613597">
<ele>-7.08</ele>
</trkpt>
<trkpt lat="52.458292879164219" lon="4.896531812846661">
<ele>-7.26</ele>
</trkpt>
<trkpt lat="52.458294555544853" lon="4.896430810913444">
<ele>-7.32</ele>
</trkpt>
<trkpt lat="52.458272846415639" lon="4.896372640505433">
<ele>-7.33</ele>
</trkpt>
<trkpt lat="52.458241749554873" lon="4.896337855607271">
<ele>-7.36</ele>
</trkpt>
<trkpt lat="52.458184082061052" lon="4.896311620250344">
<ele>-7.4</ele>
</trkpt>
<trkpt lat="52.458095988258719" lon="4.89629284478724">
<ele>-7.41</ele>
</trkpt>
<trkpt lat="52.458010828122497" lon="4.896273734048009">
<ele>-7.66</ele>
</trkpt>
<trkpt lat="52.458000015467405" lon="4.896265855059028">
<ele>-7.67</ele>
</trkpt>
<trkpt lat="52.457737326622009" lon="4.896162338554859">
<ele>-7.68</ele>
</trkpt>
<trkpt lat="52.457466507330537" lon="4.896101821213961">
<ele>-7.94</ele>
</trkpt>
<trkpt lat="52.457336001098156" lon="4.896096540614963">
<ele>-8.109999999999999</ele>
</trkpt>
<trkpt lat="52.457306245341897" lon="4.896092265844345">
<ele>-8.109999999999999</ele>
</trkpt>
<trkpt lat="52.457306245341897" lon="4.896087823435664">
<ele>-8.109999999999999</ele>
</trkpt>
<trkpt lat="52.457190407440066" lon="4.896109867841005">
<ele>-8.109999999999999</ele>
</trkpt>
<trkpt lat="52.457120334729552" lon="4.896308267489076">
<ele>-8.109999999999999</ele>
</trkpt>
<trkpt lat="52.457120334729552" lon="4.896312626078725">
<ele>-8.109999999999999</ele>
</trkpt>
<trkpt lat="52.457036767154932" lon="4.896599119529128">
<ele>-8.109999999999999</ele>
</trkpt>
<trkpt lat="52.456996366381645" lon="4.896784275770187">
<ele>-8.109999999999999</ele>
</trkpt>
<trkpt lat="52.45699904859066" lon="4.896793076768518">
<ele>-8.109999999999999</ele>
</trkpt>
<trkpt lat="52.457044813781977" lon="4.897088371217251">
<ele>-8.109999999999999</ele>
</trkpt>
<trkpt lat="52.457066439092159" lon="4.897427754476667">
<ele>-8.109999999999999</ele>
</trkpt>
<trkpt lat="52.457066439092159" lon="4.897432196885347">
<ele>-8.109999999999999</ele>
</trkpt>
<trkpt lat="52.457112204283476" lon="4.897780381143093">
<ele>-8.109999999999999</ele>
</trkpt>
<trkpt lat="52.457108683884144" lon="4.89789454266429">
<ele>-8.15</ele>
</trkpt>
<trkpt lat="52.456959234550595" lon="4.898244990035892">
<ele>-6.99</ele>
</trkpt>
<trkpt lat="52.456894610077143" lon="4.898476162925363">
<ele>-6.81</ele>
</trkpt>
<trkpt lat="52.456882372498512" lon="4.898510444909334">
<ele>-6.83</ele>
</trkpt>
<trkpt lat="52.456863429397345" lon="4.898593258112669">
<ele>-6.98</ele>
</trkpt>
<trkpt lat="52.456811210140586" lon="4.898680849000812">
<ele>-7.28</ele>
</trkpt>
<trkpt lat="52.456744825467467" lon="4.898834740743041">
<ele>-7.71</ele>
</trkpt>
<trkpt lat="52.456689337268472" lon="4.898950159549713">
<ele>-7.53</ele>
</trkpt>
<trkpt lat="52.456652540713549" lon="4.899007240310311">
<ele>-7.73</ele>
</trkpt>
<trkpt lat="52.456484818831086" lon="4.89911419339478">
<ele>-8.560000000000001</ele>
</trkpt>
<trkpt lat="52.456447770819068" lon="4.899146463721991">
<ele>-8.73</ele>
</trkpt>
<trkpt lat="52.456428240984678" lon="4.899149732664228">
<ele>-8.66</ele>
</trkpt>
<trkpt lat="52.456368980929255" lon="4.899183679372072">
<ele>-8.810000000000001</ele>
</trkpt>
<trkpt lat="52.456318270415068" lon="4.899127604439855">
<ele>-9.140000000000001</ele>
</trkpt>
<trkpt lat="52.456207294017076" lon="4.898930378258228">
<ele>-9.44</ele>
</trkpt>
<trkpt lat="52.456094389781356" lon="4.898757543414831">
<ele>-8.92</ele>
</trkpt>
<trkpt lat="52.455982239916921" lon="4.898596778512001">
<ele>-8.630000000000001</ele>
</trkpt>
<trkpt lat="52.45592943392694" lon="4.898538608103991">
<ele>-8.550000000000001</ele>
</trkpt>
<trkpt lat="52.455802951008081" lon="4.898383961990476">
<ele>-8.779999999999999</ele>
</trkpt>
<trkpt lat="52.455724496394396" lon="4.898328725248575">
<ele>-2.8125</ele>
</trkpt>
<trkpt lat="52.45561670511961" lon="4.898949656635523">
<ele>-2.63671875</ele>
</trkpt>
<trkpt lat="52.455517882481217" lon="4.899166328832507">
<ele>-2.5546875</ele>
</trkpt>
<trkpt lat="52.455517882481217" lon="4.89915182814002">
<ele>-2.5625</ele>
</trkpt>
<trkpt lat="52.455441523343325" lon="4.899289039894939">
<ele>-2.47265625</ele>
</trkpt>
<trkpt lat="52.455450491979718" lon="4.899606797844172">
<ele>-2.26171875</ele>
</trkpt>
<trkpt lat="52.455468513071537" lon="4.899657340720296">
<ele>-2.23046875</ele>
</trkpt>
<trkpt lat="52.455486450344324" lon="4.899722300469875">
<ele>-2.1875</ele>
</trkpt>
<trkpt lat="52.455585272982717" lon="4.90032160654664">
<ele>-2.03125</ele>
</trkpt>
<trkpt lat="52.455585272982717" lon="4.900314398109913">
<ele>-2.03515625</ele>
</trkpt>
<trkpt lat="52.455686694011092" lon="4.900637771934271">
<ele>-9.42</ele>
</trkpt>
<trkpt lat="52.455556523054838" lon="4.900754950940609">
<ele>-9.710000000000001</ele>
</trkpt>
<trkpt lat="52.45541981421411" lon="4.900884199887514">
<ele>-10.220000000000001</ele>
</trkpt>
<trkpt lat="52.455308502539992" lon="4.901034235954285">
<ele>-10.17</ele>
</trkpt>
<trkpt lat="52.45521211065352" lon="4.901187540963292">
<ele>-9.949999999999999</ele>
</trkpt>
<trkpt lat="52.455097865313292" lon="4.901341767981648">
<ele>-9.869999999999999</ele>
</trkpt>
<trkpt lat="52.454932658001781" lon="4.901554165408015">
<ele>-9.93</ele>
</trkpt>
<trkpt lat="52.454796703532338" lon="4.901805371046066">
<ele>-9.73</ele>
</trkpt>
<trkpt lat="52.454686230048537" lon="4.902101336047053">
<ele>-9.619999999999999</ele>
</trkpt>
<trkpt lat="52.45455589145422" lon="4.902379950508475">
<ele>-9.640000000000001</ele>
</trkpt>
<trkpt lat="52.454424798488617" lon="4.902510540559888">
<ele>-9.74</ele>
</trkpt>
<trkpt lat="52.454290017485619" lon="4.902395959943533">
<ele>-9.76</ele>
</trkpt>
<trkpt lat="52.454199995845556" lon="4.902088176459074">
<ele>-9.77</ele>
</trkpt>
<trkpt lat="52.454129504039884" lon="4.901830265298486">
<ele>-9.960000000000001</ele>
</trkpt>
<trkpt lat="52.45402229949832" lon="4.901556596159935">
<ele>-10.08</ele>
</trkpt>
<trkpt lat="52.453893721103668" lon="4.901424245908856">
<ele>-9.869999999999999</ele>
</trkpt>
<trkpt lat="52.453720467165112" lon="4.901363141834736">
<ele>-9.859999999999999</ele>
</trkpt>
<trkpt lat="52.453646287322044" lon="4.901305390521884">
<ele>-9.880000000000001</ele>
</trkpt>
<trkpt lat="52.453631870448589" lon="4.901269096881151">
<ele>-9.859999999999999</ele>
</trkpt>
<trkpt lat="52.453610580414534" lon="4.90118594840169">
<ele>-9.810000000000001</ele>
</trkpt>
<trkpt lat="52.453506980091333" lon="4.900920242071152">
<ele>-9.75</ele>
</trkpt>
<trkpt lat="52.453438751399517" lon="4.900802811607719">
<ele>-9.890000000000001</ele>
</trkpt>
<trkpt lat="52.453396422788501" lon="4.900751011446118">
<ele>-9.91</ele>
</trkpt>
<trkpt lat="52.453327775001526" lon="4.900649590417743">
<ele>-9.880000000000001</ele>
</trkpt>
<trkpt lat="52.453216379508376" lon="4.900625701993704">
<ele>-9.91</ele>
</trkpt>
<trkpt lat="52.453047819435596" lon="4.900781437754631">
<ele>-10.300000000000001</ele>
</trkpt>
<trkpt lat="52.452903483062983" lon="4.900847906246781">
<ele>-9.93</ele>
</trkpt>
<trkpt lat="52.452877163887024" lon="4.900857461616397">
<ele>-9.57</ele>
</trkpt>
<trkpt lat="52.452809605747461" lon="4.90084245800972">
<ele>-9.57</ele>
</trkpt>
<trkpt lat="52.452761493623257" lon="4.90085712634027">
<ele>-9.65</ele>
</trkpt>
<trkpt lat="52.452655546367168" lon="4.900879925116897">
<ele>-9.859999999999999</ele>
</trkpt>
<trkpt lat="52.452442143112421" lon="4.901011688634753">
<ele>-9.91</ele>
</trkpt>
<trkpt lat="52.452283389866352" lon="4.901083437725902">
<ele>-9.970000000000001</ele>
</trkpt>
<trkpt lat="52.452113656327128" lon="4.901168430224061">
<ele>-10.08</ele>
</trkpt>
<trkpt lat="52.452089348807931" lon="4.901180500164628">
<ele>-10.09</ele>
</trkpt>
<trkpt lat="52.451920369639993" lon="4.901261972263455">
<ele>-10.050000000000001</ele>
</trkpt>
<trkpt lat="52.451769579201937" lon="4.901337074115872">
<ele>-10.26</ele>
</trkpt>
<trkpt lat="52.451593726873398" lon="4.901435561478138">
<ele>-10.1</ele>
</trkpt>
<trkpt lat="52.451433632522821" lon="4.901538994163275">
<ele>-10.41</ele>
</trkpt>
<trkpt lat="52.451261216774583" lon="4.901622980833054">
<ele>-10.52</ele>
</trkpt>
<trkpt lat="52.451111935079098" lon="4.901715936139226">
<ele>-10.58</ele>
</trkpt>
<trkpt lat="52.451033312827349" lon="4.901759102940559">
<ele>-9.960000000000001</ele>
</trkpt>
<trkpt lat="52.451065583154559" lon="4.901779554784298">
<ele>-10.44</ele>
</trkpt>
<trkpt lat="52.450967850163579" lon="4.901791624724865">
<ele>-10.300000000000001</ele>
</trkpt>
<trkpt lat="52.450781771913171" lon="4.901900086551905">
<ele>-9.710000000000001</ele>
</trkpt>
<trkpt lat="52.450634585693479" lon="4.901989353820682">
<ele>-9.779999999999999</ele>
</trkpt>
<trkpt lat="52.450609942898154" lon="4.902027742937207">
<ele>-9.890000000000001</ele>
</trkpt>
<trkpt lat="52.450620839372277" lon="4.902252713218331">
<ele>-10.039999999999999</ele>
</trkpt>
<trkpt lat="52.450671382248402" lon="4.902514480054379">
<ele>-10.19</ele>
</trkpt>
<trkpt lat="52.450701557099819" lon="4.902639957144857">
<ele>-10.24</ele>
</trkpt>
<trkpt lat="52.450771378353238" lon="4.902860904112458">
<ele>-9.68</ele>
</trkpt>
<trkpt lat="52.450795015320182" lon="4.90308478474617">
<ele>-9.710000000000001</ele>
</trkpt>
<trkpt lat="52.450887802988291" lon="4.903409080579877">
<ele>-9.65</ele>
</trkpt>
<trkpt lat="52.450983440503478" lon="4.90352408029139">
<ele>-9.550000000000001</ele>
</trkpt>
<trkpt lat="52.451013447716832" lon="4.903617287054658">
<ele>-9.34</ele>
</trkpt>
<trkpt lat="52.451085615903139" lon="4.903824320062995">
<ele>-8.94</ele>
</trkpt>
<trkpt lat="52.451070444658399" lon="4.903806047514081">
<ele>-8.9</ele>
</trkpt>
<trkpt lat="52.451085280627012" lon="4.903881484642625">
<ele>-8.92</ele>
</trkpt>
<trkpt lat="52.451050160452724" lon="4.903950886800885">
<ele>-9.460000000000001</ele>
</trkpt>
</trkseg>
</trk>

</gpx>